Date, Close/Last, Volume, Open, High, Low
11/22/2019, $55.69, 2061874, $55.33, $55.985, $55.25
11/21/2019, $55.17, 2301257, $55.42, $55.62, $54.86
11/20/2019, $55.41, 2686359, $55.31, $55.805, $55.0885
11/19/2019, $55.68, 2136958, $56.24, $56.37, $55.65
11/18/2019, $56.01, 2719880, $56.14, $56.69, $55.81
11/15/2019, $56.24, 3373295, $54.93, $56.27, $54.75
11/14/2019, $54.75, 4312294, $54.85, $55.33, $54.59
11/13/2019, $54.79, 3394026, $53.81, $54.94, $53.54
11/12/2019, $54.03, 3432944, $53.64, $54.19, $53.5325
11/11/2019, $53.68, 3544756, $53.2, $53.72, $52.82
11/08/2019, $53.75, 3366277, $52.95, $53.86, $52.3
11/07/2019, $53.2, 4773736, $54.24, $54.76, $52.69
11/06/2019, $51.43, 3042471, $51.49, $51.96, $51.01
11/05/2019, $51.5, 3111911, $52, $52.72, $51.47
11/04/2019, $51.74, 2398273, $50.65, $51.885, $50.5
11/01/2019, $50.44, 2035462, $49.75, $50.9, $49.46
10/31/2019, $49.45, 3952889, $49.88, $50.16, $49.07
10/30/2019, $50.16, 2807661, $50.48, $50.78, $49.37
10/29/2019, $51.23, 2313389, $50.14, $51.505, $49.82
10/28/2019, $50.28, 1382705, $50.04, $50.57, $49.97
10/25/2019, $50.05, 1933447, $49.7, $50.2, $49.15
10/24/2019, $49.69, 2072088, $50.17, $50.2499, $49.14
10/23/2019, $50.02, 2095443, $50.43, $50.72, $49.71
10/22/2019, $50.74, 1969230, $50.49, $50.78, $49.73
10/21/2019, $50.41, 4717586, $51.13, $51.48, $49.15
10/18/2019, $51.54, 3665478, $51.07, $51.67, $50.74
10/17/2019, $51.21, 4512064, $49.19, $51.36, $49.185
10/16/2019, $49.07, 5943173, $49.11, $50.99, $48.3
10/15/2019, $47.9, 1890158, $47.25, $47.97, $47.03
10/14/2019, $46.78, 1466863, $46.76, $46.99, $46.48
10/11/2019, $46.92, 2044053, $46.72, $47.55, $46.72
10/10/2019, $46.05, 2432673, $45.3, $46.71, $45.3
10/09/2019, $45.3, 1942103, $45.26, $45.51, $45.16
10/08/2019, $44.96, 1971180, $45.27, $45.48, $44.68
10/07/2019, $45.6, 1857598, $46.09, $46.115, $45.3992
10/04/2019, $46.07, 1866969, $45.88, $46.18, $45.34
10/03/2019, $45.81, 2516774, $45.59, $45.9, $44.8
10/02/2019, $45.76, 3253515, $46.89, $47.07, $45.66
10/01/2019, $47.28, 2497733, $47.51, $48.39, $47.06
09/30/2019, $47.19, 2461200, $47, $47.42, $46.9636
09/27/2019, $47.57, 3159278, $47.55, $47.7, $46.9
09/26/2019, $47.3, 2018094, $47.66, $48.18, $46.51
09/25/2019, $47.67, 2560800, $46.96, $47.875, $46.68
09/24/2019, $47.06, 2446492, $47.31, $47.78, $46.75
09/23/2019, $47.17, 2361003, $47.7, $47.89, $46.56
09/20/2019, $47.89, 5791168, $48.24, $49.09, $47.62
09/19/2019, $48.02, 2009247, $48.05, $48.31, $47.73
09/18/2019, $47.88, 2463812, $48.17, $48.2, $47.61
09/17/2019, $48.26, 2226936, $49.05, $49.1, $48.22
09/16/2019, $48.91, 1989518, $47.5, $48.98, $47.35
09/13/2019, $48.22, 2076975, $48.66, $49.06, $47.83
09/12/2019, $48.48, 2486409, $49, $49.19, $47.91
09/11/2019, $48.88, 3009847, $48.04, $48.92, $47.4244
09/10/2019, $47.95, 3966010, $46.65, $48.02, $46.36
09/09/2019, $46.82, 3392571, $45.32, $46.9, $45.32
09/06/2019, $45.43, 1908293, $44.51, $45.5524, $44.44
09/05/2019, $44.38, 3069106, $44.79, $45.31, $44.3
09/04/2019, $44.35, 2608506, $43.84, $44.385, $43.53
09/03/2019, $43.3, 3418731, $42.76, $43.4, $42.13
08/30/2019, $43.13, 3234266, $42.43, $43.48, $42.43
08/29/2019, $42.27, 2957163, $42.18, $42.58, $41.85
08/28/2019, $41.74, 3283923, $41.74, $42.08, $41.25
08/27/2019, $41.93, 4309100, $43.36, $43.8, $41.83
08/26/2019, $43.83, 2280381, $43.22, $44.1, $43.22
08/23/2019, $42.79, 2863163, $43.54, $44.35, $42.55
08/22/2019, $43.76, 2637567, $43.87, $44.485, $43.71
08/21/2019, $43.57, 2140323, $43.42, $44.31, $43.2
08/20/2019, $43.76, 2541928, $44.08, $44.51, $43.65
08/19/2019, $43.48, 1661414, $43.64, $44.04, $43.36
08/16/2019, $43.19, 1924641, $42.21, $43.32, $42.13
08/15/2019, $42, 2113393, $42.54, $42.74, $41.91
08/14/2019, $42.41, 3352775, $44.1, $44.18, $42.38
08/13/2019, $44.67, 2164107, $43.97, $45.32, $43.56
08/12/2019, $43.78, 1813949, $44.2, $44.54, $43.63
08/09/2019, $44.35, 2061650, $43.92, $44.68, $43.51
08/08/2019, $43.89, 4805575, $43.64, $44.27, $42.35
08/07/2019, $42.75, 6580512, $42.38, $42.84, $41.03
08/06/2019, $42.92, 5465289, $45.48, $46.18, $42.05
08/05/2019, $45.55, 3769086, $45.75, $46.63, $45.22
08/02/2019, $46.11, 2157892, $46.44, $46.825, $45.26
08/01/2019, $46.67, 4735366, $46.5, $47.495, $46.35
07/31/2019, $45.73, 6371183, $46.31, $46.53, $45.29
07/30/2019, $46.41, 2797299, $45.43, $46.77, $45.09
07/29/2019, $45.81, 1825599, $45.19, $45.8785, $45.12
07/26/2019, $45.12, 1472249, $45.07, $45.31, $44.88
07/25/2019, $44.91, 2888671, $44.84, $45.8, $44.66
07/24/2019, $44.75, 4842695, $44.49, $44.89, $44.21
07/23/2019, $44.4, 2678094, $44.66, $44.72, $43.98
07/22/2019, $44.53, 1663962, $45.14, $45.4047, $44.3902
07/19/2019, $44.99, 1385758, $45.25, $45.35, $44.73
07/18/2019, $45.19, 1998336, $44.8, $45.38, $44.41
07/17/2019, $45.07, 3211509, $46.5, $46.5, $44.915
07/16/2019, $46.79, 3525333, $47.18, $47.25, $46.09
07/15/2019, $47.5, 2114774, $47.59, $47.81, $47.07
07/12/2019, $47.59, 2413087, $48.08, $48.31, $47.06
07/11/2019, $48.26, 2952473, $49.05, $49.97, $47.87
07/10/2019, $47.46, 1882136, $47.43, $47.65, $46.87
07/09/2019, $47.2, 1970705, $47.17, $47.77, $46.84
07/08/2019, $47.49, 3798757, $47.75, $47.755, $46.3
07/05/2019, $48.23, 2244639, $47.74, $48.875, $47.54
07/03/2019, $48, 1949758, $47.67, $48.9, $47.443
07/02/2019, $47.17, 1795443, $47.5, $47.5, $46.685
07/01/2019, $47.56, 2983061, $47.43, $47.94, $47.13
06/28/2019, $47.1, 2720463, $46.29, $47.17, $46.01
06/27/2019, $46.61, 2649433, $45.63, $46.67, $45.54
06/26/2019, $45.63, 2738092, $45.78, $45.895, $45.16
06/25/2019, $45.75, 2753086, $45.21, $46.12, $44.83
06/24/2019, $45.01, 2642149, $44.8, $45.02, $44.26
06/21/2019, $44.7, 4091845, $44.76, $44.99, $44.36
06/20/2019, $44.77, 2082792, $45.7, $45.81, $44.35
06/19/2019, $45.04, 2121305, $44.81, $45.49, $44.8
06/18/2019, $44.54, 2253953, $44.78, $45.32, $44.355
06/17/2019, $44.46, 2183712, $44.41, $44.74, $43.98
06/14/2019, $44.16, 1732516, $45.25, $45.25, $44.1
06/13/2019, $45.27, 2028982, $44.22, $45.3, $44.21
06/12/2019, $44.22, 1705588, $44.44, $44.73, $43.97
06/11/2019, $44.64, 2914810, $44.52, $45.32, $44.34
06/10/2019, $44, 2310133, $43.94, $44.8, $43.7642
06/07/2019, $43.85, 2290887, $43.15, $44.11, $42.95
06/06/2019, $42.79, 2748890, $43.2, $43.265, $42.38
06/05/2019, $43.3, 2639133, $44.37, $44.43, $43.18
06/04/2019, $43.95, 2728472, $43.55, $44.16, $43.36
06/03/2019, $42.92, 2531753, $42.08, $43.19, $42.01
05/31/2019, $42.07, 3134225, $42.46, $42.71, $42.02
05/30/2019, $42.93, 2552714, $43.57, $43.84, $42.47
05/29/2019, $43.68, 3058801, $45.39, $45.39, $43.51
05/28/2019, $45.48, 1727240, $45.94, $46.51, $45.43
05/24/2019, $45.95, 1173371, $45.99, $46.375, $45.59
05/23/2019, $45.91, 2021114, $46.47, $46.55, $45.63
05/22/2019, $46.84, 1986689, $46.79, $46.94, $46.285
05/21/2019, $46.9, 3570198, $46.26, $47.355, $46.2
05/20/2019, $45.98, 3667065, $44.82, $46.08, $44.71
05/17/2019, $45.03, 3068131, $44.92, $46.21, $44.8
05/16/2019, $45.23, 2880209, $46.2, $46.57, $45.065
05/15/2019, $46.18, 2170909, $45.84, $46.335, $45.2
05/14/2019, $46.1, 3479389, $46.21, $46.74, $45.96
05/13/2019, $46.07, 4349060, $48, $48, $45.92
05/10/2019, $48.85, 3291100, $50.24, $50.77, $47.925
05/09/2019, $50.14, 5154280, $48.05, $50.4, $47.24
05/08/2019, $49.71, 3866561, $49.14, $50.02, $48.42
05/07/2019, $48.94, 4987336, $49.14, $49.63, $48.66
05/06/2019, $49.44, 3188143, $48.79, $49.53, $48.17
05/03/2019, $49.56, 3512106, $48.86, $49.89, $48.81
05/02/2019, $48.74, 2707356, $47.75, $48.905, $47.75
05/01/2019, $47.6, 3044494, $48.7, $48.72, $47.48
04/30/2019, $48.71, 6961689, $48, $48.76, $47.26
04/29/2019, $47.44, 1458140, $47.51, $47.81, $47.09
04/26/2019, $47.51, 1746679, $47.05, $47.67, $46.99
04/25/2019, $46.85, 2348695, $46.4, $47.08, $45.93
04/24/2019, $46.58, 3252532, $46.13, $46.89, $45.94
04/23/2019, $46.08, 2828795, $45.39, $46.53, $45.25
04/22/2019, $45.26, 2775176, $45.93, $46.3626, $45.09
04/18/2019, $46, 3975620, $44.92, $46.18, $44.89
04/17/2019, $44.88, 3432972, $46.89, $46.97, $44.5
04/16/2019, $46.75, 2422226, $47.38, $47.41, $46.215
04/15/2019, $47.08, 2920671, $46.99, $47.66, $46.78
04/12/2019, $46.79, 2524314, $46.7, $47.3, $46.5
04/11/2019, $46.38, 2208884, $47.13, $47.21, $46.2
04/10/2019, $46.94, 3097527, $47.43, $47.43, $46.09
04/09/2019, $47.34, 1799734, $47.34, $47.6, $46.99
04/08/2019, $47.55, 2005257, $47.42, $47.77, $46.92
04/05/2019, $47.49, 2827019, $47.07, $48.04, $47.02
04/04/2019, $46.87, 2218502, $47.04, $47.18, $46.36
04/03/2019, $47.08, 3481246, $47.52, $48.23, $46.58
04/02/2019, $47.16, 3537367, $48.09, $48.5, $47.11
04/01/2019, $49.12, 2218449, $48.67, $49.19, $48.43
03/29/2019, $48.15, 3029517, $47.89, $48.18, $47.545
03/28/2019, $47.92, 3042243, $48.1, $48.54, $47.655
03/27/2019, $48.06, 3581109, $47.77, $48.38, $47.48
03/26/2019, $47.79, 2793394, $47.8, $48.5346, $47.53
03/25/2019, $47.56, 3459585, $48.65, $48.66, $47.15
03/22/2019, $48.64, 2413990, $50, $50.28, $48.62
03/21/2019, $50.16, 2285363, $49.22, $50.26, $49.13
03/20/2019, $49.36, 2627254, $50.41, $50.42, $48.97
03/19/2019, $50.55, 4413404, $50.04, $50.88, $50.04
03/18/2019, $49.97, 4001123, $50.35, $50.69, $49.465
03/15/2019, $50.27, 5657540, $50.81, $51.02, $50.095
03/14/2019, $50.8, 4224342, $50.76, $50.865, $50.18
03/13/2019, $50.65, 4881108, $49.72, $51.07, $49.45
03/12/2019, $49.33, 2647999, $48.97, $49.79, $48.92
03/11/2019, $48.85, 2864613, $47.93, $48.87, $47.46
03/08/2019, $47.7, 3170166, $47.22, $48.09, $47.04
03/07/2019, $47.5, 3172318, $48.07, $48.31, $47.46
03/06/2019, $48.23, 2662416, $49.85, $49.91, $48.2
03/05/2019, $49.86, 2962505, $50.8, $51, $49.81
03/04/2019, $50.9, 4396962, $53.01, $53.01, $50.64
03/01/2019, $53.05, 3598598, $54.66, $54.97, $52.94
02/28/2019, $54.34, 4027627, $53.65, $54.36, $53.38
02/27/2019, $53.63, 2817956, $53.29, $53.885, $52.96
02/26/2019, $53.6, 2166568, $54.52, $54.6927, $53.56
02/25/2019, $54.58, 2262690, $55.44, $55.44, $54.53
02/22/2019, $54.9, 2317168, $54.7, $55.008, $54.26
02/21/2019, $54.75, 2590435, $55.8, $55.9, $54.37
02/20/2019, $55.91, 2664302, $56.22, $56.49, $55.54
02/19/2019, $56.79, 2795691, $55.31, $56.88, $55.13
02/15/2019, $55.48, 3609137, $55.9, $55.98, $55.36
02/14/2019, $55.5, 3608561, $54.91, $55.65, $54.46
02/13/2019, $55.05, 2724700, $54.65, $55.19, $54.07
02/12/2019, $54.53, 3662891, $53.61, $54.66, $53.38
02/11/2019, $53.19, 2551779, $52.84, $53.23, $52.12
02/08/2019, $52.67, 4701719, $54.47, $54.52, $52.06
02/07/2019, $54.25, 8138101, $53.5, $54.695, $52.75
02/06/2019, $50.79, 3306869, $50, $51.07, $50
02/05/2019, $50.2, 2442326, $49.99, $50.7, $49.79
02/04/2019, $49.91, 3852023, $49.38, $49.93, $49.03
02/01/2019, $49.34, 3035736, $49.17, $49.75, $48.31
01/31/2019, $49.97, 5265288, $48.67, $50.63, $48.61
01/30/2019, $48.76, 5037014, $49.39, $49.455, $48.31
01/29/2019, $49.34, 2568617, $49.3, $49.5, $48.96
01/28/2019, $49.14, 1956278, $49.16, $49.43, $48.48
01/25/2019, $49.35, 4750851, $48.9, $49.6, $48.9
01/24/2019, $48.52, 1967506, $48.8, $49.13, $48.26
01/23/2019, $48.87, 1526526, $48.72, $49.09, $48.16
01/22/2019, $48.65, 2226226, $48.76, $48.9, $48.31
01/18/2019, $49.05, 2720303, $48.62, $49.17, $48.61
01/17/2019, $48.17, 2526960, $48.19, $48.737, $47.69
01/16/2019, $48.42, 3132802, $47.74, $48.75, $47.66
01/15/2019, $47.63, 2628016, $47.42, $47.67, $47.05
01/14/2019, $47.28, 2541745, $47.2, $47.58, $47.18
01/11/2019, $47.59, 1689134, $47.35, $47.61, $46.97
01/10/2019, $47.59, 2747968, $46.87, $48.04, $46.75
01/09/2019, $46.58, 3580906, $46.8, $47.17, $46.38
01/08/2019, $46.5, 3064728, $46.04, $46.865, $45.98
01/07/2019, $45.8, 2659348, $44.92, $46.38, $44.67
01/04/2019, $44.92, 3073532, $44.62, $45.07, $44.21
01/03/2019, $44.16, 4171451, $44.57, $44.9, $43.82
01/02/2019, $45.07, 3288420, $44.12, $45.6001, $43.95
12/31/2018, $44.6, 2482358, $44.28, $44.8545, $43.95
12/28/2018, $44.58, 4077508, $44.75, $45.27, $44.1
12/27/2018, $44.58, 2724954, $44, $44.58, $42.9
12/26/2018, $44.57, 3354520, $43.11, $44.59, $42.17
12/24/2018, $42.93, 1903106, $44.33, $44.39, $42.9
12/21/2018, $44.44, 5891778, $45.3, $46.285, $44.15
12/20/2018, $45.3, 4603631, $46.08, $46.71, $44.6
12/19/2018, $46.13, 4142658, $47.05, $47.56, $45.84
12/18/2018, $47.05, 3235884, $48.55, $48.63, $46.58
12/17/2018, $47.93, 3642998, $49.23, $49.37, $47.66
12/14/2018, $50.06, 3554700, $51.74, $52.13, $49.92
12/13/2018, $52.39, 2950323, $53.78, $53.78, $51.925
12/12/2018, $53.73, 2230983, $53.88, $54.99, $53.7
12/11/2018, $53.54, 2381143, $53.57, $54.42, $52.85
12/10/2018, $53.05, 3667368, $53.91, $53.925, $51.52
12/07/2018, $53.91, 4125026, $54.46, $55.44, $53.78
12/06/2018, $54.81, 4834096, $54.49, $54.81, $52.17
12/04/2018, $55.07, 5148187, $56, $56.39, $54.4077
12/03/2018, $56.2, 7001239, $55, $56.52, $54.92
11/30/2018, $54.83, 4442739, $55.23, $55.23, $54.11
11/29/2018, $55.02, 2855775, $54.81, $55.55, $54.56
11/28/2018, $54.88, 5168586, $54.37, $54.89, $53.86
11/27/2018, $54.33, 4923329, $53.38, $54.49, $53.28
11/26/2018, $53.38, 5139443, $53.5, $54.1, $52.93
11/23/2018, $52.88, 975050, $53, $53.15, $52.25
11/21/2018, $53.11, 4799210, $52.79, $53.46, $52.41
11/20/2018, $52.91, 4419912, $54.41, $54.58, $52.41
11/19/2018, $54.57, 5078789, $55.41, $56.1595, $54.33
11/16/2018, $55.46, 6440840, $56.85, $57.15, $55.3
11/15/2018, $57.63, 3768688, $56.9, $57.64, $55.62
11/14/2018, $57.31, 4344466, $57.02, $58.31, $56.3
11/13/2018, $56.73, 2666673, $56.05, $57.36, $55.9403
11/12/2018, $55.93, 2782605, $55.33, $56.29, $54.975
11/09/2018, $55.31, 4201230, $56.46, $56.6, $54.46
11/08/2018, $56.13, 7442303, $52.95, $56.2, $51.21
11/07/2018, $53.65, 2910474, $52.8, $53.7, $52.59
11/06/2018, $52.53, 2952744, $51.32, $52.59, $50.91
11/05/2018, $52.09, 1958022, $51.58, $52.27, $51.57
11/02/2018, $51.44, 2383818, $52.91, $53.12, $51.13
11/01/2018, $52.61, 3318604, $50.6, $52.7, $50.54
10/31/2018, $50.6, 4665938, $51.7, $51.7929, $50.13
10/30/2018, $51.57, 4179429, $50.38, $51.605, $50
10/29/2018, $50.24, 2707048, $50.61, $51.44, $49.6
10/26/2018, $49.92, 4413108, $50.03, $50.34, $48.97
10/25/2018, $50.64, 4279585, $49.89, $51.17, $48.91
10/24/2018, $49.6, 6826602, $51.66, $52.29, $49.51
10/23/2018, $51.83, 3209221, $51.51, $52.15, $50.93
10/22/2018, $52.01, 3684322, $53.19, $53.52, $51.79
10/19/2018, $53.19, 2984956, $53.42, $54.58, $52.93
10/18/2018, $53.42, 3574545, $53.55, $54, $53.15
10/17/2018, $53.52, 4351692, $52.65, $54.54, $52.57
10/16/2018, $52.65, 4878808, $51.86, $52.88, $51.555
10/15/2018, $51.53, 2604667, $51.57, $52.16, $51.5
10/12/2018, $51.63, 3969779, $51.96, $51.99, $51.06
10/11/2018, $51.53, 6848811, $54.12, $54.28, $51.42
10/10/2018, $54.22, 3516857, $54.46, $55.63, $54.15
10/09/2018, $54.38, 1834908, $54.31, $54.55, $53.36
10/08/2018, $54.44, 1807173, $53.72, $54.64, $53.72
10/05/2018, $53.79, 2068915, $53.59, $54.37, $53.59
10/04/2018, $53.59, 2908622, $53.7, $54.29, $53.37
10/03/2018, $53.97, 3172315, $54.16, $54.53, $53.935
10/02/2018, $53.98, 1800596, $53.97, $54.45, $53.68
10/01/2018, $53.94, 2226536, $54.11, $54.39, $53.745
09/28/2018, $54, 3178601, $53.65, $54.11, $53.43
09/27/2018, $54.06, 2044479, $53.63, $54.53, $53.57
09/26/2018, $53.63, 2548578, $53.39, $54.28, $53.39
09/25/2018, $53.33, 2986960, $53.78, $53.995, $53.105
09/24/2018, $53.91, 4957145, $54.92, $55.15, $53.48
09/21/2018, $54.94, 4570430, $55.22, $55.36, $54.69
09/20/2018, $55.17, 4789034, $54.03, $55.48, $54.03
09/19/2018, $53.94, 3107597, $53.67, $54.38, $53.67
09/18/2018, $53.6, 2483584, $52.58, $53.86, $52.58
09/17/2018, $52.6, 4230203, $52.07, $52.99, $51.57
09/14/2018, $52.1, 3491669, $53.09, $53.37, $52.09
09/13/2018, $52.94, 2481908, $53.19, $53.63, $52.86
09/12/2018, $52.94, 1703935, $52.15, $53.075, $52.15
09/11/2018, $52.13, 2983642, $52.51, $52.74, $51.86
09/10/2018, $52.88, 2730237, $52.63, $53.41, $52.63
09/07/2018, $52.62, 2481622, $51.99, $52.68, $51.87
09/06/2018, $52.11, 2195311, $52.39, $52.69, $51.86
09/05/2018, $52.36, 4424629, $51.06, $52.36, $51
09/04/2018, $51.23, 2928908, $52, $52.17, $50.785
08/31/2018, $52.19, 2032561, $52.13, $52.5775, $51.81
08/30/2018, $52.45, 2153444, $52.1, $52.86, $51.7745
08/29/2018, $52.28, 2885488, $52.25, $52.65, $52.05
08/28/2018, $52.25, 2670741, $52.6, $52.62, $52.04
08/27/2018, $52.47, 3008380, $51.95, $52.95, $51.95
08/24/2018, $51.83, 2588163, $51.51, $52.06, $51.44
08/23/2018, $51.33, 2687105, $51.33, $51.75, $51.2
08/22/2018, $51.26, 2332727, $51.53, $51.65, $51.06
08/21/2018, $51.66, 2606751, $51.84, $51.98, $51.585
08/20/2018, $51.75, 3460130, $51.84, $52.105, $51.19
08/17/2018, $51.9, 4778103, $50.35, $52.14, $50.35
08/16/2018, $50.45, 5114874, $50.48, $50.95, $50.19
08/15/2018, $50.25, 2903038, $49.8, $50.32, $49.06
08/14/2018, $50.17, 2739159, $49.08, $50.42, $49.06
08/13/2018, $49.06, 2728263, $48.35, $49.1, $48.35
08/10/2018, $48.4, 2949187, $49.39, $49.4414, $48.29
08/09/2018, $49.37, 3230234, $48.82, $49.54, $48.82
08/08/2018, $48.96, 3924806, $51.14, $51.14, $48.77
08/07/2018, $50.8, 5265902, $49.89, $50.89, $49.27
08/06/2018, $50.05, 7838495, $49.24, $51.54, $49.09
08/03/2018, $50.3, 4835812, $50, $50.99, $50
08/02/2018, $49.98, 3971541, $49.83, $50.12, $49.37
08/01/2018, $50.04, 3041997, $49.96, $50.525, $49.83
07/31/2018, $49.95, 9270995, $50.22, $50.965, $49.77
07/30/2018, $50.16, 4385696, $49.36, $50.265, $49.13
07/27/2018, $49.32, 5052245, $49.31, $49.89, $48.98
07/26/2018, $49.28, 4399001, $49.42, $49.95, $49
07/25/2018, $49.42, 3672979, $49.35, $49.74, $49.06
07/24/2018, $49.19, 2894743, $49.45, $49.7, $49.05
07/23/2018, $49.16, 3570860, $48.8, $49.7722, $48.32
07/20/2018, $48.8, 3092364, $48.66, $49.3, $48.22
07/19/2018, $49, 4400023, $49.4, $49.845, $48.14
07/18/2018, $49.49, 2235850, $49.94, $50.1899, $49.49
07/17/2018, $49.97, 2274326, $50.74, $50.82, $49.93
07/16/2018, $50.71, 1568583, $50.99, $51.25, $50.52
07/13/2018, $50.8, 3035446, $49.96, $51.63, $49.85
07/12/2018, $50.26, 3528165, $50.27, $50.53, $49.76
07/11/2018, $49.96, 3465860, $49.5, $50.23, $48.85
07/10/2018, $50.17, 3703677, $50.54, $50.73, $49.89
07/09/2018, $50.26, 3822049, $50.36, $51.01, $50.07
07/06/2018, $49.94, 4756042, $50.1, $50.4, $49.54
07/05/2018, $50.04, 3630127, $49.86, $50.45, $49.57
07/03/2018, $49.5, 1857763, $49.23, $50.25, $49.16
07/02/2018, $49.15, 3679364, $48.9, $49.67, $48.6
06/29/2018, $48.83, 3545081, $49.84, $49.9, $48.78
06/28/2018, $50.37, 6511601, $50.6, $51, $48.28
06/27/2018, $52.93, 2028333, $53.14, $53.71, $52.6
06/26/2018, $53.32, 1779274, $53.4, $53.69, $52.72
06/25/2018, $53.34, 1693268, $53.89, $54.29, $52.9
06/22/2018, $53.98, 2998333, $53.9, $54.41, $53.78
06/21/2018, $53.54, 1717722, $54.38, $54.4169, $53.42
06/20/2018, $54.25, 1828803, $54.12, $54.44, $53.53
06/19/2018, $54.1, 3819029, $52.66, $54.4, $52.66
06/18/2018, $53, 4830857, $54.39, $54.61, $52.64
06/15/2018, $54.75, 5362809, $54.54, $55.08, $54.33
06/14/2018, $54.62, 3350408, $54.25, $55.015, $53.78
06/13/2018, $54.2, 3141791, $54.55, $54.92, $54.05
06/12/2018, $53.55, 3181977, $53.86, $53.97, $53.28
06/11/2018, $53.81, 1061161, $53.31, $54.2, $53.08
06/08/2018, $53.35, 1939265, $52.91, $53.39, $52.63
06/07/2018, $52.95, 3850990, $53.55, $53.77, $52.73
06/06/2018, $53.54, 1819574, $53, $53.65, $52.73
06/05/2018, $52.81, 2683244, $52.83, $53.32, $52.5
06/04/2018, $52.64, 2030256, $52.73, $53.03, $52.39
06/01/2018, $52.66, 2490943, $53.02, $53.38, $52.32
05/31/2018, $52.09, 4457436, $52.54, $52.61, $51.98
05/30/2018, $52.46, 3003188, $51.93, $52.63, $51.55
05/29/2018, $51.75, 2632166, $52.21, $52.47, $51.08
05/25/2018, $52.44, 2749984, $52.36, $53.22, $52.1
05/24/2018, $52.44, 3396901, $52.42, $53.19, $51.4
05/23/2018, $52.69, 2625068, $52.8, $53.02, $52.34
05/22/2018, $52.83, 3066807, $53.12, $53.43, $52.57
05/21/2018, $53.13, 3145198, $53.61, $54.07, $53.03
05/18/2018, $53.33, 3903853, $54.48, $54.565, $53.23
05/17/2018, $54.33, 2368725, $54.48, $54.61, $53.571
05/16/2018, $54.51, 2099499, $54.21, $54.935, $54.08
05/15/2018, $54.02, 2837176, $54.92, $55.16, $53.9
05/14/2018, $55.16, 2923137, $55.44, $55.75, $54.56
05/11/2018, $55.3, 3948199, $54.57, $55.74, $53.73
05/10/2018, $54.74, 4934757, $53.13, $55.93, $53.03
05/09/2018, $52.76, 4046142, $52.7, $53.51, $52.35
05/08/2018, $52.5, 3958951, $52.63, $52.91, $51.71
05/07/2018, $52.77, 4856556, $53.02, $53.7, $52.465
05/04/2018, $53.01, 7400128, $51.01, $53.37, $51
05/03/2018, $50.8, 15591000, $53.89, $55.59, $50.79
05/02/2018, $64.65, 4748699, $63.54, $66.45, $63.3
05/01/2018, $63.6, 1811367, $63.67, $64.09, $62.705
04/30/2018, $64.17, 2390014, $65.73, $65.8, $64.16
04/27/2018, $65.82, 1909302, $64.14, $65.985, $64.14
04/26/2018, $64.19, 2051205, $64.02, $64.38, $63.15
04/25/2018, $63.57, 3003019, $62.05, $63.84, $62.05
04/24/2018, $62.36, 3131896, $63.68, $64.89, $61.85
04/23/2018, $62.22, 2300272, $62.3, $62.9, $61.85
04/20/2018, $62.07, 2696522, $62.42, $62.74, $61.1802
04/19/2018, $62.31, 1758794, $63.39, $63.4, $61.9
04/18/2018, $63.89, 2279509, $63.49, $64.68, $62.99
04/17/2018, $63.19, 1653622, $62.68, $63.33, $62.36
04/16/2018, $62.29, 5553527, $60.29, $64.28, $59.54
04/13/2018, $60.42, 5102037, $62.33, $62.66, $59.66
04/12/2018, $62.26, 3675636, $64.22, $64.67, $61.94
04/11/2018, $63.97, 2157980, $63.84, $64.86, $63.63
04/10/2018, $64.34, 2029233, $63.01, $64.8, $62.88
04/09/2018, $62.5, 1261479, $62.75, $63.5, $62.03
04/06/2018, $62.39, 1775132, $63.3, $63.83, $61.81
04/05/2018, $63.84, 2057318, $63.25, $64.26, $62.69
04/04/2018, $62.94, 2176794, $60.8, $63.34, $60.63
04/03/2018, $61.28, 2053927, $61.4, $61.88, $59.92
04/02/2018, $61.01, 2908482, $63.25, $64.435, $60
03/29/2018, $62.68, 2238821, $62.46, $62.95, $61.87
03/28/2018, $62.56, 3564367, $61.52, $63.15, $61.47
03/27/2018, $61.22, 2605551, $62.1, $62.3999, $60.82
03/26/2018, $62.1, 3248211, $62.38, $62.4458, $60.76
03/23/2018, $61.71, 2524973, $64.16, $64.22, $61.55
03/22/2018, $63.86, 1927103, $65.18, $65.56, $63.73
03/21/2018, $65.69, 2171630, $65.39, $66.379, $65.3
03/20/2018, $65.41, 7260587, $70.05, $70.32, $65.16
03/19/2018, $69.99, 2677305, $71.01, $71.1, $69.67
03/16/2018, $70.95, 6794166, $70.96, $71.58, $70.58
03/15/2018, $70.7, 4094119, $72.05, $72.66, $70.58
03/14/2018, $72.04, 2231065, $72.57, $73.14, $71.45
03/13/2018, $72.27, 2675920, $72.65, $73.23, $72.05
03/12/2018, $72.36, 2680646, $71.19, $72.54, $71.19
03/09/2018, $71.16, 1827597, $70.51, $71.43, $70.51
03/08/2018, $70.42, 1956103, $70.22, $70.87, $69.93
03/07/2018, $70.04, 1724980, $69.41, $70.25, $69.28
03/06/2018, $69.92, 1859709, $70.46, $70.88, $69.6
03/05/2018, $70.4, 3180582, $68.66, $70.59, $68.66
03/02/2018, $68.94, 1725297, $67.76, $69.12, $67.72
03/01/2018, $68.28, 2408108, $69.27, $69.77, $67.55
02/28/2018, $69.21, 1946711, $70.01, $70.55, $69.2
02/27/2018, $70.04, 3179292, $70.31, $71.06, $69.59
02/26/2018, $70.57, 1541746, $69.39, $71.02, $69.18
02/23/2018, $69.31, 1660828, $68.21, $69.62, $68.09
02/22/2018, $67.83, 2148952, $69, $69.74, $67.6
02/21/2018, $68.81, 2618204, $68.78, $69.73, $68.38
02/20/2018, $68.84, 2361461, $69.07, $69.3, $67.91
02/16/2018, $69.34, 2558096, $67.9, $70.4399, $67.66
02/15/2018, $68.1, 2899428, $68.04, $68.935, $67.52
02/14/2018, $67.34, 2423665, $65.46, $67.45, $65.36
02/13/2018, $65.69, 4063245, $65.08, $66.17, $63.8
02/12/2018, $68.03, 3316897, $67.12, $68.81, $66.86
02/09/2018, $66.72, 4354478, $67.36, $67.74, $64.23
02/08/2018, $66.63, 5093524, $67.36, $68.93, $65.495
02/07/2018, $65.14, 3381530, $65.14, $66.31, $64.52
02/06/2018, $65.44, 4520402, $63.32, $66, $62.4
02/05/2018, $64.34, 3594287, $67, $67.32, $64.33
02/02/2018, $67.46, 3426977, $68.7, $69.02, $67.29
02/01/2018, $69.06, 4670787, $70.61, $70.68, $67.89
01/31/2018, $71.79, 4208995, $74.05, $74.09, $71.33
01/30/2018, $73.87, 3449982, $71.94, $74.74, $71.68
01/29/2018, $75.23, 2457883, $74.72, $75.75, $74.519
01/26/2018, $74.97, 1403708, $74.28, $75.02, $74.09
01/25/2018, $73.99, 2426839, $74.46, $74.76, $73.33
01/24/2018, $74.69, 2749051, $73.98, $75.35, $73.59
01/23/2018, $73.21, 2217052, $73.5, $73.93, $72.57
01/22/2018, $73.51, 3313779, $72.05, $73.97, $72.02
01/19/2018, $71.91, 2856550, $72.03, $72.55, $71.22
01/18/2018, $71.71, 3821034, $72.3, $72.72, $70.89
01/17/2018, $72.65, 3369972, $72, $73.16, $71.6
01/16/2018, $72.58, 4519710, $71.6, $73.17, $71.56
01/12/2018, $71.49, 4040480, $69.44, $71.52, $68.78
01/11/2018, $69.11, 2565915, $68.19, $69.17, $67.78
01/10/2018, $68.06, 4359030, $66.85, $68.16, $65.69
01/09/2018, $67.1, 5314158, $65.18, $67.44, $64.75
01/08/2018, $65.22, 3546144, $63.41, $65.62, $63
01/05/2018, $63.22, 3149929, $63.57, $63.92, $62.71
01/04/2018, $63.66, 2728702, $62.97, $63.9, $62.3
01/03/2018, $62.86, 1784998, $63.01, $63.31, $62.5
01/02/2018, $63.23, 2410111, $61.7, $63.34, $61.62
12/29/2017, $61.27, 1508840, $61.93, $62.12, $61.26
12/28/2017, $62.14, 1207091, $62.26, $62.42, $61.58
12/27/2017, $62.3, 1191576, $62.81, $62.84, $62.1
12/26/2017, $62.67, 1540524, $62.49, $63.31, $62.38
12/22/2017, $62.49, 2284874, $62.95, $63.2, $62.3
12/21/2017, $62.68, 2016967, $63.49, $63.75, $62.51
12/20/2017, $63.46, 3152496, $63.11, $63.78, $63.11
12/19/2017, $63.01, 3956583, $62.25, $63.35, $62.14
12/18/2017, $62.39, 4362799, $62.94, $63, $62.05
12/15/2017, $63.19, 9027424, $61, $63.79, $60.66
12/14/2017, $60.35, 3249055, $60.61, $62.09, $60.34
12/13/2017, $60.57, 2376662, $60.12, $60.9, $60.05
12/12/2017, $60.26, 2924171, $60.29, $60.755, $59.68
12/11/2017, $60.24, 2966064, $59.16, $60.45, $58.88
12/08/2017, $58.89, 2987026, $58.58, $59.46, $58.46
12/07/2017, $58.5, 2527218, $59.79, $60.17, $58.45
12/06/2017, $59.72, 2768484, $60.41, $60.94, $59.435
12/05/2017, $60.35, 4167295, $60.99, $61.35, $59.68
12/04/2017, $61.02, 6033358, $59.31, $61.14, $59.04
12/01/2017, $58.9, 4462325, $58.95, $59.15, $57.401
11/30/2017, $59.19, 4086084, $59.3, $60.1, $58.38
11/29/2017, $59.11, 4802203, $57.82, $59.74, $57.76
11/28/2017, $57.56, 2972279, $55.94, $57.65, $55.5
11/27/2017, $55.89, 2987490, $56.42, $56.6305, $55.485
11/24/2017, $56.37, 743108, $57.01, $57.12, $56.12
11/22/2017, $56.97, 4503252, $55.9, $57.585, $55.86
11/21/2017, $55.72, 4136318, $55.06, $56.22, $54.84
11/20/2017, $55, 5543622, $55.96, $56.6, $54.66
11/17/2017, $57.51, 3531851, $57.04, $58.01, $56.83
11/16/2017, $57.42, 4960021, $56.83, $57.825, $56.2301
11/15/2017, $56.83, 6210237, $56.18, $57.78, $55.69
11/14/2017, $57.07, 3453852, $58.32, $58.43, $56.69
11/13/2017, $58.33, 5398451, $58.6, $59.35, $57.65
11/10/2017, $58.55, 8061643, $60.23, $60.3956, $58.32
11/09/2017, $60.56, 2515341, $60.88, $61.63, $60.47
11/08/2017, $60.99, 2481492, $60.27, $61.07, $60.06
11/07/2017, $60.27, 2385211, $60.35, $61.65, $59.99
11/06/2017, $60.25, 4789595, $60.19, $60.75, $57.545
11/03/2017, $61.38, 4167137, $60.62, $61.75, $60.51
11/02/2017, $61.07, 3899465, $62.47, $62.91, $60.3301
11/01/2017, $62.18, 3484539, $60.81, $62.6, $60.8
10/31/2017, $61.9, 5444772, $61.81, $63.01, $60.69
10/30/2017, $61.7, 3727841, $61.75, $62.6, $61.53
10/27/2017, $62.01, 7873532, $64.49, $64.63, $61.64
10/26/2017, $64.75, 8325001, $68.5, $69.34, $64.2
10/25/2017, $67.05, 2185842, $66.58, $67.18, $66.53
10/24/2017, $66.44, 2180911, $66.4, $66.86, $65.82
10/23/2017, $66.65, 1846583, $66.77, $67.18, $66.51
10/20/2017, $66.71, 1493839, $66.44, $66.96, $66.39
10/19/2017, $66.15, 1937972, $64.6, $66.23, $64.6
10/18/2017, $64.7, 2756373, $65.18, $65.85, $64.49
10/17/2017, $65.08, 2278749, $64.49, $65.22, $64.1
10/16/2017, $64.63, 2449599, $64.79, $65.92, $64.42
10/13/2017, $64.96, 3742252, $66.15, $66.35, $63.85
10/12/2017, $66.33, 3138851, $65.78, $66.8, $65.57
10/11/2017, $65.82, 2213515, $65.71, $66.04, $65.54
10/10/2017, $65.78, 1607859, $65.38, $65.9, $65.25
10/09/2017, $64.92, 3508250, $65.83, $65.88, $64.23
10/06/2017, $65.88, 3661809, $67.6, $67.885, $65.5999
10/05/2017, $67.64, 1754716, $67.63, $67.93, $67.32
10/04/2017, $67.52, 2333675, $67.6, $68.19, $67.34
10/03/2017, $67.6, 1531289, $68.25, $68.38, $67.44
10/02/2017, $68.24, 2134243, $67.22, $68.39, $67.12
09/29/2017, $66.92, 2796829, $66.76, $67.6, $66.57
09/28/2017, $66.97, 2323925, $67.84, $68.1, $66.93
09/27/2017, $68.14, 1234237, $67.96, $68.22, $67.39
09/26/2017, $67.82, 1358569, $67.43, $68.06, $67.43
09/25/2017, $67.34, 1482395, $66.43, $67.5, $66.4103
09/22/2017, $66.66, 2181051, $66.9, $67.09, $66.24
09/21/2017, $66.77, 1441365, $66.72, $67.44, $66.64
09/20/2017, $66.71, 1639740, $66.33, $66.94, $66.01
09/19/2017, $66.26, 1878675, $67.01, $67.28, $65.9501
09/18/2017, $67.07, 1592706, $67.75, $67.98, $66.98
09/15/2017, $67.5, 4666220, $67.57, $67.895, $67.11
09/14/2017, $67.46, 2660785, $68.86, $68.86, $67.26
09/13/2017, $69.29, 1362490, $69.07, $69.56, $68.75
09/12/2017, $69.44, 2050113, $69.73, $69.79, $68.68
09/11/2017, $69.73, 2246802, $68.82, $69.99, $68.69
09/08/2017, $68.36, 1843590, $68.98, $69.4, $68.23
09/07/2017, $69.06, 2108259, $68.49, $69.09, $68.31
09/06/2017, $68.61, 2881626, $67.73, $68.61, $67.56
09/05/2017, $67.52, 2044638, $67.56, $68.01, $67.0501
09/01/2017, $67.82, 1536218, $67.69, $68.14, $67.51
08/31/2017, $67.46, 2667933, $66.47, $68.04, $66.47
08/30/2017, $66.49, 1696076, $66.34, $66.735, $66.21
08/29/2017, $66.4, 1779437, $66.14, $66.74, $66.03
08/28/2017, $66.39, 1198851, $66.38, $66.54, $65.87
08/25/2017, $66.08, 1332942, $66.15, $66.39, $65.96
08/24/2017, $66.1, 2282762, $65.93, $66.73, $65.815
08/23/2017, $65.63, 2296929, $65.17, $65.85, $64.96
08/22/2017, $65.42, 1742137, $64.4, $65.65, $64.385
08/21/2017, $64.36, 1326561, $64.3, $64.62, $64.06
08/18/2017, $64.38, 1428285, $64.99, $65.22, $64.345
08/17/2017, $65.16, 2438527, $65.86, $66.4, $65.15
08/16/2017, $66.01, 2600249, $66.72, $66.92, $65.6
08/15/2017, $66.43, 2004008, $67.1, $67.49, $66.41
08/14/2017, $66.76, 2046949, $67.35, $67.82, $66.7
08/11/2017, $66.98, 1750306, $67.57, $67.57, $66.82
08/10/2017, $67.31, 2295199, $68.04, $68.5, $67.23
08/09/2017, $68.23, 2945206, $69.16, $69.22, $67.76
08/08/2017, $69.34, 2081988, $69.24, $70.19, $68.94
08/07/2017, $69.24, 2929039, $69.15, $69.5, $68.86
08/04/2017, $69.14, 2406862, $69.71, $69.71, $68.525
08/03/2017, $69.36, 4095831, $70.16, $70.49, $68.325
08/02/2017, $70.99, 7309658, $71.06, $72.37, $69.58
08/01/2017, $77.33, 1915881, $77.72, $77.935, $77.1
07/31/2017, $77.26, 2151710, $77.8, $78.32, $77.24
07/28/2017, $77.61, 1296671, $76.71, $77.79, $76.16
07/27/2017, $76.6, 1640598, $77.48, $77.8, $75.76
07/26/2017, $77.67, 1345509, $77.51, $78, $77.3918
07/25/2017, $77.69, 1126165, $77.38, $77.9, $77.05
07/24/2017, $77.07, 1912888, $76.21, $77.37, $76.21
07/21/2017, $76.29, 2052733, $77.21, $77.56, $76.04
07/20/2017, $77.32, 1574431, $77.19, $77.94, $77.01
07/19/2017, $77, 1809745, $77.21, $77.2799, $76.31
07/18/2017, $76.97, 1982452, $77.81, $78.09, $76.67
07/17/2017, $78.09, 1459140, $78.28, $78.78, $77.98
07/14/2017, $78.11, 933366, $77.62, $78.17, $77.4
07/13/2017, $77.56, 1357497, $77.42, $77.9, $77.08
07/12/2017, $77.31, 1425816, $77.29, $77.74, $77.07
07/11/2017, $76.66, 1233068, $76.62, $76.77, $75.96
07/10/2017, $76.68, 1256839, $76.93, $77.4, $76.56
07/07/2017, $77.19, 1154520, $77.13, $77.26, $76.7031
07/06/2017, $76.89, 1840226, $78.27, $78.54, $76.75
07/05/2017, $78.69, 1655764, $78.3, $78.89, $77.96
07/03/2017, $78.29, 704262, $78.09, $78.77, $78.09
06/30/2017, $77.92, 1929478, $78.67, $78.6729, $77.73
06/29/2017, $78.25, 1411720, $78.68, $79.28, $77.94
06/28/2017, $79.08, 2118072, $79.71, $80.11, $79.05
06/27/2017, $79.25, 1793572, $79.58, $80.37, $79.08
06/26/2017, $79.47, 2042821, $79.64, $79.94, $79.3
06/23/2017, $79.68, 9340823, $78.91, $79.79, $78.53
06/22/2017, $78.75, 2758416, $77.67, $79.75, $77.66
06/21/2017, $77.48, 1712223, $76.35, $77.72, $76.3001
06/20/2017, $76.31, 2230762, $76.05, $77.15, $75.89
06/19/2017, $76.21, 1878051, $75.06, $76.49, $74.78
06/16/2017, $74.99, 2494111, $75.97, $76.1, $74.15
06/15/2017, $75.94, 1488979, $75.37, $75.95, $74.77
06/14/2017, $75.61, 1384628, $75.36, $75.97, $75
06/13/2017, $74.91, 1580401, $75.21, $75.22, $74.51
06/12/2017, $75.08, 1711754, $75, $75.88, $74.7799
06/09/2017, $75.2, 1366521, $74.43, $75.28, $74.3
06/08/2017, $74.47, 1325771, $74.14, $74.995, $74.04
06/07/2017, $74.04, 1305817, $74.07, $74.13, $73.6
06/06/2017, $73.94, 1524733, $75.22, $75.22, $73.48
06/05/2017, $75.45, 1534305, $75.72, $75.83, $74.794
06/02/2017, $75.79, 3086614, $75.22, $76.415, $75.02
06/01/2017, $75.05, 2065891, $74.22, $75.36, $73.2386
05/31/2017, $74.29, 2811835, $73.73, $74.31, $73.31
05/30/2017, $73.55, 1374626, $72.8, $73.61, $72.56
05/26/2017, $73.1, 1245611, $73.29, $73.57, $72.95
05/25/2017, $73.44, 1499872, $73.23, $73.645, $73.14
05/24/2017, $73.1, 1196509, $73.1, $73.32, $72.83
05/23/2017, $72.96, 1399651, $73.1, $73.32, $72.83
05/22/2017, $73.09, 1750555, $73.2, $73.97, $73
05/19/2017, $73.5, 2653682, $72.73, $74.2, $72.55
05/18/2017, $72.19, 2074916, $71.8, $72.59, $71.8
05/17/2017, $71.6, 2977990, $71.61, $72.55, $71.5
05/16/2017, $72.63, 1867687, $73.05, $73.1, $72.18
05/15/2017, $72.96, 1431027, $72.77, $73.44, $72.51
05/12/2017, $72.9, 1649151, $72.78, $73.01, $72.52
05/11/2017, $72.78, 2548473, $72.06, $72.96, $71.82
05/10/2017, $72, 2459352, $72.17, $72.28, $71.77
05/09/2017, $72.39, 1712565, $72.28, $72.5382, $72.0316
05/08/2017, $72.01, 1688366, $72.66, $72.66, $71.83
05/05/2017, $72.47, 1906254, $73.01, $73.2, $71.9001
05/04/2017, $72.74, 2384362, $72.78, $73.87, $72.56
05/03/2017, $72.54, 2700757, $72.88, $72.89, $72.1
05/02/2017, $72.99, 3548396, $72.55, $73.06, $71.83
05/01/2017, $72.19, 3438110, $71.49, $73, $71.1
04/28/2017, $72.59, 3347505, $73.17, $73.21, $72.13
04/27/2017, $73.14, 1858392, $72.77, $73.26, $72.44
04/26/2017, $72.31, 2570919, $72.71, $72.82, $72.25
04/25/2017, $72.36, 2024157, $72.16, $72.71, $72.1
04/24/2017, $72.48, 3077517, $73.21, $73.45, $72.32
04/21/2017, $72.5, 2908158, $73.11, $73.2375, $72.02
04/20/2017, $73.31, 4581909, $72.76, $73.88, $71.88
04/19/2017, $72.52, 5473353, $72.6, $72.85, $71.29
04/18/2017, $72.39, 13335160, $72.65, $74, $71.95
04/17/2017, $81.83, 928686, $81.48, $81.91, $81.19
04/13/2017, $81.43, 1084410, $81.56, $81.98, $81.3801
04/12/2017, $81.71, 1273300, $81.71, $81.98, $81.036
04/11/2017, $82.3, 1056757, $82.37, $82.6, $81.87
04/10/2017, $82.41, 1140121, $82.37, $82.8, $82.17
04/07/2017, $82.35, 1803823, $82.3, $82.8, $81.85
04/06/2017, $82.71, 2369056, $81.4, $82.75, $80.86
04/05/2017, $80.53, 1112969, $80.68, $81.609, $80.315
04/04/2017, $80.42, 1205467, $80.75, $80.76, $80.17
04/03/2017, $80.96, 1973752, $81.73, $82.26, $80.71
03/31/2017, $81.55, 1735844, $81.51, $81.97, $81.22
03/30/2017, $81.67, 1312129, $81.69, $81.97, $81.04
03/29/2017, $82.05, 1521827, $82.24, $82.24, $81.465
03/28/2017, $82.2, 1406677, $81.95, $82.29, $81.61
03/27/2017, $82.25, 1368711, $80.93, $82.31, $80.89
03/24/2017, $81.23, 1700624, $81.1, $81.58, $80.83
03/23/2017, $81.1, 1397106, $81.62, $82.05, $80.97
03/22/2017, $81.64, 1208966, $81.74, $81.86, $81.07
03/21/2017, $81.45, 1344140, $82.42, $82.88, $81.24
03/20/2017, $82.37, 1169169, $83.15, $83.18, $82.2
03/17/2017, $83.11, 2624394, $83.04, $83.22, $82.51
03/16/2017, $82.83, 1985918, $83.69, $83.74, $82.45
03/15/2017, $83.8, 3091957, $82.73, $84.1301, $82.66
03/14/2017, $82.6, 1704325, $82.25, $84.88, $81.86
03/13/2017, $82.55, 1689990, $82.14, $82.7, $81.711
03/10/2017, $82.04, 1714399, $82.28, $82.42, $81.77
03/09/2017, $81.94, 2018451, $81.47, $82.1099, $81.12
03/08/2017, $81.2, 2634020, $81.3, $81.94, $81.14
03/07/2017, $81.21, 2144202, $81.09, $81.59, $80.77
03/06/2017, $81.7, 2330549, $82.45, $82.84, $81.68
03/03/2017, $82.85, 1888965, $82.24, $83, $81.73
03/02/2017, $81.79, 2065293, $81.93, $82.5, $81.58
03/01/2017, $82.05, 1919732, $82.18, $82.51, $81.72
02/28/2017, $81.37, 1938807, $82.01, $82.316, $81.29
02/27/2017, $82.49, 1400594, $82.14, $82.62, $81.9
02/24/2017, $82.14, 1331548, $81.54, $82.15, $80.91
02/23/2017, $81.73, 1795377, $81.3, $81.85, $80.92
02/22/2017, $81.08, 1545285, $81.19, $81.565, $80.87
02/21/2017, $81.34, 2170266, $80.5, $81.51, $80.28
02/17/2017, $80.71, 2498960, $80, $80.78, $79.56
02/16/2017, $80.24, 1801999, $80.25, $80.48, $79.231
02/15/2017, $80.42, 2732617, $78.97, $80.49, $78.01
02/14/2017, $78.88, 1777367, $77.59, $79.045, $77.38
02/13/2017, $78.07, 1523462, $77.81, $78.4, $77.25
02/10/2017, $77.4, 1688227, $77.5, $77.73, $76.78
02/09/2017, $77.45, 2053629, $77.81, $77.9, $77.035
02/08/2017, $77.81, 2464965, $77.4, $77.85, $76.67
02/07/2017, $77.76, 6408440, $75.5, $79.69, $74.995
02/06/2017, $75.97, 2951715, $74.85, $76.06, $74.85
02/03/2017, $74.87, 1581084, $74.69, $75.09, $74.41
02/02/2017, $74.44, 2428245, $74.91, $75.2, $73.79
02/01/2017, $75.35, 2569333, $74.43, $75.39, $74.155
01/31/2017, $74.96, 3543351, $73.89, $75.05, $72.88
01/30/2017, $73.19, 1645492, $72.53, $73.31, $72.11
01/27/2017, $72.47, 3023673, $73.58, $73.58, $71.989
01/26/2017, $73.09, 3866326, $73.34, $74.14, $72.43
01/25/2017, $75.87, 1556744, $75.01, $75.96, $74.67
01/24/2017, $74.65, 1060588, $74.77, $74.85, $74.3
01/23/2017, $74.72, 2180949, $74.9, $75.12, $74.27
01/20/2017, $75.03, 2389670, $75.55, $75.78, $74.93
01/19/2017, $75.55, 2240094, $75.6, $75.76, $75.245
01/18/2017, $75.8, 1768558, $75.65, $75.85, $75.03
01/17/2017, $75.18, 1523725, $74.61, $75.86, $74.3653
01/13/2017, $75, 1443727, $74.48, $75.14, $74.26
01/12/2017, $74.19, 1998574, $73.4, $74.27, $73.29
01/11/2017, $73.72, 3049352, $75.15, $75.63, $72.85
01/10/2017, $75.22, 2420456, $74.58, $75.97, $74.52
01/09/2017, $74.76, 1985668, $75.03, $75.5973, $74.75
01/06/2017, $75.33, 2306900, $74.62, $75.41, $74.17
01/05/2017, $74.5, 1921038, $75.33, $75.59, $74.31
01/04/2017, $75.63, 2461482, $74.5, $75.69, $74.5
01/03/2017, $74.48, 4459552, $71.99, $74.75, $71.9
12/30/2016, $71.97, 1613135, $72.33, $72.61, $71.72
12/29/2016, $72.35, 1728426, $72.31, $73.15, $72.23
12/28/2016, $72.55, 1502297, $73.13, $73.69, $72.5189
12/27/2016, $73.07, 1500824, $72.92, $73.65, $72.89
12/23/2016, $72.88, 995715, $72.36, $73.4, $72.1
12/22/2016, $72.11, 1612996, $72.66, $72.99, $71.87
12/21/2016, $72.62, 3206815, $72.49, $72.98, $71.8212
12/20/2016, $73.35, 2397292, $73.87, $74.28, $72.97
12/19/2016, $73.7, 2936547, $73.77, $74.32, $73.11
12/16/2016, $73.76, 3726859, $73.29, $73.87, $72.95
12/15/2016, $73, 3209813, $72.5, $73.21, $71.97
12/14/2016, $72.47, 2523676, $73.74, $73.93, $72.13
12/13/2016, $73.75, 2526160, $73.61, $74.09, $73.25
12/12/2016, $73.48, 2447573, $72.9, $73.7, $72.6174
12/09/2016, $73.04, 3048168, $71.13, $73.29, $71.1
12/08/2016, $71.11, 2362281, $70.57, $71.37, $70.06
12/07/2016, $70.5, 5534450, $70.2, $70.63, $68.6
12/06/2016, $71.42, 2726233, $72.01, $72.16, $70.72
12/05/2016, $72.1, 3302621, $70.96, $72.15, $70.74
12/02/2016, $70.83, 2362930, $71.19, $71.68, $70.74
12/01/2016, $70.93, 3332219, $70.94, $71.89, $70.6607
11/30/2016, $71.01, 4885579, $71.02, $71.57, $70.77
11/29/2016, $70.99, 4099165, $71.51, $71.78, $70.44
11/28/2016, $71.57, 3036967, $71.33, $71.95, $70.9
11/25/2016, $71.11, 1035562, $70.96, $71.84, $70.37
11/23/2016, $70.55, 1806401, $69.79, $70.58, $69.64
11/22/2016, $70.13, 2747550, $70.16, $70.41, $69.35
11/21/2016, $70.25, 3712770, $70.85, $71.17, $69.95
11/18/2016, $70.77, 2653027, $71.53, $71.59, $70.6501
11/17/2016, $71.64, 2355837, $71.19, $72.09, $70.9944
11/16/2016, $70.83, 2361493, $71.13, $71.9589, $70.67
11/15/2016, $71.39, 4890383, $72.53, $72.82, $71.2
11/14/2016, $72.35, 3144253, $71.45, $72.81, $71.16
11/11/2016, $71.37, 3162639, $71.42, $71.86, $70.39
11/10/2016, $71.72, 5995321, $69.76, $71.97, $69.76
11/09/2016, $69.25, 6758485, $68.53, $71.72, $65.72
11/08/2016, $65.35, 5774457, $64.46, $65.64, $62.7
11/07/2016, $66, 3356866, $66.23, $66.39, $65.38
11/04/2016, $65.17, 5803634, $65.58, $66.01, $64.77
11/03/2016, $65.38, 5542123, $69.01, $69.55, $65.02
11/02/2016, $68.66, 4877803, $67.09, $68.95, $66.92
11/01/2016, $66.89, 6047631, $68.53, $68.9, $66.325
10/31/2016, $68.69, 7407207, $68.53, $71.13, $67.84
10/28/2016, $67.5, 13666460, $65.07, $68.9, $63.26
10/27/2016, $74.8, 1755573, $74.69, $75.18, $74.3
10/26/2016, $74.4, 2151608, $74.56, $74.87, $73.5
10/25/2016, $74.91, 2252365, $75.33, $75.33, $74.34
10/24/2016, $75.61, 1427737, $75.58, $76.35, $75.55
10/21/2016, $75.15, 1689881, $75.15, $75.21, $74.54
10/20/2016, $75.58, 1209138, $75.24, $75.73, $75.05
10/19/2016, $75.21, 1697474, $75.74, $75.88, $75.1375
10/18/2016, $75.73, 1295975, $75.53, $75.85, $75.14
10/17/2016, $74.96, 1050142, $75.27, $75.51, $74.91
10/14/2016, $75.27, 1469061, $75.66, $75.85, $75.07
10/13/2016, $75.34, 1344004, $75.36, $75.6, $74.69
10/12/2016, $75.79, 1237452, $75.52, $76.21, $75.15
10/11/2016, $75.32, 1620895, $76.24, $76.3, $75.12
10/10/2016, $76.47, 1238843, $76.37, $76.79, $75.905
10/07/2016, $76.4, 2442334, $76.87, $77.12, $75.86
10/06/2016, $76.71, 2068686, $75.43, $76.72, $75.1
10/05/2016, $75.88, 1864686, $75.97, $76.55, $75.68
10/04/2016, $75.69, 1933910, $76.05, $76.34, $75.27
10/03/2016, $75.79, 2471616, $77.4, $77.54, $75.695
09/30/2016, $77.7, 2614015, $77.11, $78, $76.78
09/29/2016, $76.9, 2676633, $77.49, $77.85, $76.8
09/28/2016, $78.26, 2480703, $78.09, $78.375, $77.61
09/27/2016, $78.14, 2649120, $76.71, $78.18, $76.62
09/26/2016, $76.88, 1700611, $77.2, $77.43, $76.67
09/23/2016, $77.66, 2098539, $77.52, $77.97, $77.33
09/22/2016, $77.56, 2468298, $77.37, $77.75, $77.135
09/21/2016, $76.85, 1885735, $76.05, $76.99, $75.72
09/20/2016, $75.96, 2540007, $76.78, $76.845, $75.94
09/19/2016, $76.57, 3089146, $77.06, $77.63, $76.54
09/16/2016, $77, 5941745, $76.12, $77.05, $75.53
09/15/2016, $76.6, 4230994, $75.1, $76.85, $74.41
09/14/2016, $75.26, 7329790, $78.07, $78.07, $75.04
09/13/2016, $78.09, 2458848, $79.19, $79.32, $77.63
09/12/2016, $79.98, 1371235, $78.49, $80.22, $78.4032
09/09/2016, $78.81, 1869595, $80.12, $80.12, $78.81
09/08/2016, $80.71, 1157929, $81, $81.1, $80.52
09/07/2016, $81.16, 1438208, $80.62, $81.47, $80.43
09/06/2016, $80.81, 2161730, $79.96, $80.87, $79.75
09/02/2016, $79.73, 1309972, $80.1, $80.14, $79.53
09/01/2016, $79.7, 1638044, $79.9, $80.08, $79.16
08/31/2016, $79.67, 1657785, $79.71, $79.99, $79.11
08/30/2016, $79.72, 858308, $79.75, $79.88, $79.385
08/29/2016, $79.77, 1426982, $79.38, $79.89, $79.24
08/26/2016, $79.35, 1743684, $79.65, $79.76, $78.76
08/25/2016, $79.36, 2097035, $80.77, $80.88, $79.27
08/24/2016, $81.08, 1262139, $81.85, $82.014, $80.87
08/23/2016, $82.02, 899566, $82.39, $82.56, $82
08/22/2016, $82.15, 1349860, $81.73, $82.26, $81.56
08/19/2016, $81.72, 2054831, $82.12, $82.36, $81.56
08/18/2016, $82.42, 1541061, $82.61, $82.927, $82.34
08/17/2016, $82.78, 1491823, $82.88, $82.99, $82.118
08/16/2016, $82.68, 1059681, $83, $83.18, $82.65
08/15/2016, $83.19, 1392896, $83.25, $83.4929, $83.05
08/12/2016, $83.6, 1025632, $83.55, $83.66, $83.12
08/11/2016, $83.61, 1175952, $83.69, $83.73, $82.65
08/10/2016, $83.55, 2210574, $83.8, $83.98, $83.24
08/09/2016, $83.8, 1354604, $83.91, $84.05, $83.56
08/08/2016, $83.78, 1214596, $84.64, $84.7, $83.61
08/05/2016, $84.36, 1492755, $84, $84.74, $83.69
08/04/2016, $83.58, 1793462, $84.52, $84.8, $83.51
08/03/2016, $84.64, 2616465, $84.74, $84.9, $83.24
08/02/2016, $84.92, 4813547, $83.04, $85.52, $82.01
08/01/2016, $82.41, 4588047, $83.21, $83.89, $82.1
07/29/2016, $83.6, 2727090, $82.6, $83.74, $82.45
07/28/2016, $82.56, 3311728, $83.12, $83.23, $82.18
07/27/2016, $83.34, 1688466, $83.5, $83.64, $82.88
07/26/2016, $83.64, 1510038, $82.81, $83.66, $82.68
07/25/2016, $82.86, 1336812, $82.85, $82.99, $82.04
07/22/2016, $82.99, 1253285, $82.91, $83.14, $82.57
07/21/2016, $82.61, 1793876, $83.24, $83.549, $82.27
07/20/2016, $83.29, 1300791, $82.93, $83.54, $82.57
07/19/2016, $82.82, 1739115, $82.94, $83.5, $82.38
07/18/2016, $83.21, 1587709, $82.5, $83.32, $82.29
07/15/2016, $82.36, 2379672, $83.02, $83.28, $82.12
07/14/2016, $82.97, 1742828, $82.76, $83.42, $82.54
07/13/2016, $82.28, 1942567, $82.14, $82.87, $81.97
07/12/2016, $81.77, 2668721, $81.15, $82, $81.12
07/11/2016, $81.06, 1783949, $80.5, $81.45, $80.38
07/08/2016, $80.38, 2900446, $79.55, $80.44, $79.34
07/07/2016, $79.44, 3949624, $79.08, $80.18, $78.68
07/06/2016, $79.99, 2853019, $78.18, $80.47, $77.77
07/05/2016, $78.23, 2576206, $77.91, $78.69, $77.72
07/01/2016, $78.29, 2302968, $77.92, $78.38, $77.63
06/30/2016, $78.01, 2992890, $77.36, $78.17, $76.97
06/29/2016, $77.29, 2305726, $75.97, $77.45, $75.69
06/28/2016, $75.43, 2888270, $75.16, $75.44, $73.98
06/27/2016, $73.69, 2117103, $74.84, $75.15, $73.2523
06/24/2016, $75.23, 3282019, $75.64, $76.25, $75.04
06/23/2016, $78.12, 1279272, $77.98, $78.14, $77.44
06/22/2016, $77.04, 2148551, $76.9, $77.69, $76.8
06/21/2016, $76.89, 1855021, $76.82, $77.06, $76.31
06/20/2016, $76.48, 2193754, $76.4, $77.055, $76.23
06/17/2016, $75.51, 2897141, $76.56, $76.57, $75.37
06/16/2016, $76.54, 3228320, $76.4, $76.6, $75.43
06/15/2016, $76.68, 3548291, $78.02, $78.0799, $76.61
06/14/2016, $77.93, 1705571, $78.01, $78.32, $77.57
06/13/2016, $78.2, 2042115, $78.53, $78.79, $78.145
06/10/2016, $78.53, 2714480, $79, $79.06, $78.05
06/09/2016, $79.29, 3082766, $79.56, $79.96, $79.105
06/08/2016, $79.66, 3437582, $79.85, $80.13, $79.5
06/07/2016, $80, 2142661, $80.1, $80.41, $79.715
06/06/2016, $80.42, 2021848, $79.72, $80.52, $79.37
06/03/2016, $79.79, 1987988, $79.72, $79.99, $79.21
06/02/2016, $79.89, 2361088, $78.7, $79.89, $78.61
06/01/2016, $78.72, 2596382, $78.58, $79.05, $78.44
05/31/2016, $78.95, 3612675, $78.16, $79.17, $78.15
05/27/2016, $78.15, 1857193, $77.55, $78.36, $77.4501
05/26/2016, $77.29, 2036479, $76.65, $77.46, $76.4
05/25/2016, $76.73, 3011025, $77.78, $77.99, $76.69
05/24/2016, $77.46, 1674455, $77.07, $77.66, $76.92
05/23/2016, $76.74, 2032512, $77.27, $77.62, $76.73
05/20/2016, $77.41, 2707516, $77.82, $77.87, $77.07
05/19/2016, $77.33, 1692488, $77.19, $78.2, $76.71
05/18/2016, $77.83, 2440302, $77.08, $78.24, $76.74
05/17/2016, $77.1, 2864422, $77.39, $77.69, $76.69
05/16/2016, $77.39, 1704111, $76.34, $77.46, $76.22
05/13/2016, $76.25, 2173645, $77.04, $77.31, $76.18
05/12/2016, $77, 2850176, $77.31, $77.46, $76.615
05/11/2016, $76.96, 3106088, $78.6, $78.78, $76.92
05/10/2016, $78.47, 2567997, $78.67, $79.24, $78.28
05/09/2016, $78.47, 2784872, $77.05, $78.73, $76.91
05/06/2016, $76.85, 3745618, $78.55, $78.82, $76.6
05/05/2016, $78.55, 5766252, $76.5, $79.07, $75.5
05/04/2016, $77.51, 3899362, $79.09, $79.425, $77.36
05/03/2016, $79.24, 2777163, $79.15, $79.84, $78.49
05/02/2016, $79.5, 3795223, $77.5, $79.5975, $77.14
04/29/2016, $78.46, 6335076, $78.02, $80.02, $76.54
04/28/2016, $78.51, 7081441, $82.82, $83.91, $78.13
04/27/2016, $86.54, 1907694, $86.89, $87.16, $86.37
04/26/2016, $86.58, 1135322, $86.49, $86.905, $86.28
04/25/2016, $86.35, 1157156, $86.56, $86.91, $85.72
04/22/2016, $86.91, 1371834, $86.9, $87.3304, $86.1
04/21/2016, $86.82, 1991494, $87.11, $87.85, $86.5
04/20/2016, $87.2, 2164857, $85.45, $87.76, $85.45
04/19/2016, $85.59, 1495502, $85.21, $86.17, $85.0174
04/18/2016, $84.57, 946655, $83.79, $84.64, $83.58
04/15/2016, $84.25, 1216629, $83.72, $84.34, $83.45
04/14/2016, $83.91, 1181038, $83.87, $84.38, $83.44
04/13/2016, $83.87, 1239475, $83.04, $83.92, $82.67
04/12/2016, $82.56, 1405013, $82.33, $82.86, $81.92
04/11/2016, $82.2, 1185759, $83.11, $83.265, $82.01
04/08/2016, $83, 1408523, $84.11, $84.63, $82.64
04/07/2016, $83.76, 1858856, $83.66, $84.71, $83.34
04/06/2016, $84.06, 2460317, $81.62, $84.12, $81.62
04/05/2016, $81.31, 1883306, $82.54, $82.86, $81.19
04/04/2016, $83.13, 1793034, $82.29, $83.27, $82.29
04/01/2016, $82.16, 1766113, $81.68, $82.28, $81.33
03/31/2016, $81.95, 1662902, $81.78, $82.43, $81.46
03/30/2016, $81.78, 1151491, $82.24, $82.4558, $81.58
03/29/2016, $81.82, 1902283, $80.81, $81.89, $80.29
03/28/2016, $80.77, 1563128, $81.55, $81.71, $80.28
03/24/2016, $81.48, 1729107, $80.915, $82.13, $80.59
03/23/2016, $81.28, 1731205, $81.35, $82.2, $81.03
03/22/2016, $81.16, 1434725, $80.8, $81.85, $80.57
03/21/2016, $80.85, 1592851, $80.94, $81.43, $80.18
03/18/2016, $80.86, 2442077, $80.07, $81.04, $79.81
03/17/2016, $79.74, 2304882, $81.16, $81.305, $79.21
03/16/2016, $81.1, 1859384, $80.3, $81.78, $80.14
03/15/2016, $80.43, 2859587, $82.4, $82.84, $80.19
03/14/2016, $83.61, 1287402, $84, $84.5, $83.44
03/11/2016, $83.88, 1581500, $83.08, $84.045, $82.63
03/10/2016, $82.32, 1831747, $83.65, $84, $81.47
03/09/2016, $83.18, 1334675, $83.13, $83.45, $82.79
03/08/2016, $82.71, 1478004, $83.48, $83.66, $82.66
03/07/2016, $84.15, 1285334, $84.01, $84.44, $83.5
03/04/2016, $83.51, 1101276, $83.41, $84, $82.86
03/03/2016, $83.61, 1353712, $82.8, $83.7, $82.27
03/02/2016, $83.16, 1956960, $82.58, $83.64, $82.36
03/01/2016, $82.88, 1817029, $82.52, $82.9, $81.58
02/29/2016, $81.7, 1776498, $82.75, $83.07, $81.7
02/26/2016, $83.03, 1225061, $83, $83.57, $82.88
02/25/2016, $82.67, 1315641, $82.23, $82.81, $81.62
02/24/2016, $82.14, 1877466, $80.34, $82.41, $80.23
02/23/2016, $81.2, 2273677, $81.21, $81.73, $80.2
02/22/2016, $81.46, 1283433, $81.28, $82, $80.82
02/19/2016, $80.83, 2446775, $81.04, $81.09, $80.25
02/18/2016, $81, 1800970, $81.13, $81.81, $80.72
02/17/2016, $80.98, 1716713, $79.76, $81.42, $79.51
02/16/2016, $79.77, 2382061, $79.56, $80.35, $78.86
02/12/2016, $78.85, 2168252, $77.6, $78.9, $76.91
02/11/2016, $77.12, 2786893, $76.7, $78.23, $76.23
02/10/2016, $78.22, 2187742, $76.84, $79.02, $76.2
02/09/2016, $76.65, 2653787, $75.39, $77.33, $75.36
02/08/2016, $76.16, 2527517, $75.96, $76.6, $74.73
02/05/2016, $76.61, 2918794, $76.26, $77.36, $75.91
02/04/2016, $76.6, 2546528, $76.89, $78.74, $75.85
02/03/2016, $77.33, 2327210, $78.43, $78.58, $75.72
02/02/2016, $77.73, 2818521, $79.46, $79.95, $77.38
02/01/2016, $79.8, 4195542, $76.5, $80.75, $76.23
01/29/2016, $81.37, 3718992, $79.73, $81.42, $78.89
01/28/2016, $79, 3530235, $82.32, $82.32, $78.5601
01/27/2016, $81.75, 1922656, $82.64, $83.525, $81.35
01/26/2016, $82.71, 1893401, $81.5, $82.84, $80.77
01/25/2016, $81.2, 2113281, $81.73, $82.293, $81
01/22/2016, $81.59, 1539383, $81.39, $81.92, $81.01
01/21/2016, $80.08, 2161351, $80.32, $81.53, $79.39
01/20/2016, $80.28, 3022941, $80.32, $81.02, $77.8
01/19/2016, $81.58, 2561175, $82.2, $82.28, $80.3701
01/15/2016, $81.24, 3844695, $80, $81.59, $79.7
01/14/2016, $81.78, 3642023, $78.3, $82.04, $78.16
01/13/2016, $78.17, 2884243, $79.99, $80.55, $77.78
01/12/2016, $79.89, 3727387, $81.27, $81.57, $79.03
01/11/2016, $79.27, 5879469, $82.31, $83.35, $78.2316
01/08/2016, $83.86, 1777331, $85.36, $85.76, $83.57
01/07/2016, $85, 2502556, $85.96, $86.76, $84.69
01/06/2016, $87.24, 2324917, $87.94, $88.58, $86.77
01/05/2016, $89.68, 2366704, $88.38, $89.97, $88.19
01/04/2016, $87.95, 1675480, $87.73, $88.07, $87.2
12/31/2015, $89.27, 1059913, $89.42, $90.549, $89.25
12/30/2015, $90.54, 1021208, $90.47, $90.81, $90.19
12/29/2015, $90.85, 1193747, $90.7, $91.225, $90.63
12/28/2015, $90.49, 1532141, $89.44, $90.81, $89.24
12/24/2015, $89.71, 453883, $89.48, $90, $89.27
12/23/2015, $89.65, 1348047, $89.32, $89.94, $89.08
12/22/2015, $88.87, 1112026, $88.5, $89.08, $87.55
12/21/2015, $88.05, 1310415, $87.31, $88.09, $86.75
12/18/2015, $86.61, 2628612, $87.54, $87.925, $86.61
12/17/2015, $87.96, 1647605, $88.99, $89.55, $87.94
12/16/2015, $88.22, 1446620, $87.47, $88.31, $86.73
12/15/2015, $86.68, 1974869, $87.01, $88.09, $86.46
12/14/2015, $86.52, 1987467, $86.06, $86.57, $85.34
12/11/2015, $85.9, 2527932, $86.14, $86.97, $85.89
12/10/2015, $87.14, 1858980, $87.66, $88.05, $86.87
12/09/2015, $87.51, 1586697, $87.96, $88.835, $86.9101
12/08/2015, $88.55, 1378301, $88.09, $88.79, $87.68
12/07/2015, $88.74, 1761128, $88.29, $88.86, $88.075
12/04/2015, $88.44, 1589567, $86.76, $88.56, $86.73
12/03/2015, $86.3, 2408860, $87.46, $87.61, $85.644
12/02/2015, $87.29, 2037762, $88.6, $88.88, $86.87
12/01/2015, $88.91, 2345649, $87.39, $88.94, $87.26
11/30/2015, $86.85, 1900098, $87.39, $87.88, $86.8
11/27/2015, $87.29, 517944, $87.07, $87.7, $86.74
11/25/2015, $86.98, 1458034, $86.99, $87.18, $86.56
11/24/2015, $86.76, 1481619, $86.91, $87.35, $86.6
11/23/2015, $87.33, 1129475, $87.74, $88.21, $87.06
11/20/2015, $87.59, 2400058, $87.82, $88.065, $87.23
11/19/2015, $87.36, 1630665, $88.59, $88.62, $87.07
11/18/2015, $88.6, 1834054, $87.01, $88.69, $86.73
11/17/2015, $86.72, 1554946, $86.29, $87.02, $86.19
11/16/2015, $86.19, 2168317, $85.4, $86.24, $85.18
11/13/2015, $85.5, 2321336, $85.36, $86, $85
11/12/2015, $85.49, 1610560, $86.96, $86.96, $85.41
11/11/2015, $87.22, 1958549, $88.14, $88.14, $86.86
11/10/2015, $88.03, 1564876, $87.67, $88.17, $87.25
11/09/2015, $87.67, 2044666, $88.09, $88.35, $86.73
11/06/2015, $88.5, 2129195, $88.04, $88.52, $87.2
11/05/2015, $88.2, 2396776, $86.75, $88.32, $86.42
11/04/2015, $86.58, 2362337, $86.68, $86.8, $85.58
11/03/2015, $86.37, 2422868, $85.79, $86.41, $84.8
11/02/2015, $86.15, 4097256, $86.26, $86.74, $84.96
10/30/2015, $82.2, 2599725, $82.97, $83.54, $82.17
10/29/2015, $83.01, 2369549, $82.8, $83.32, $81.804
10/28/2015, $82.83, 2028566, $82.05, $82.85, $81.29
10/27/2015, $82.09, 3167813, $80.7, $82.13, $80.35
10/26/2015, $80.81, 2146993, $79.99, $81.11, $79.34
10/23/2015, $80.14, 2324510, $78.25, $80.5402, $78.25
10/22/2015, $77.75, 3138499, $78.35, $78.9, $76.71
10/21/2015, $78.03, 3416118, $79.25, $79.48, $77.28
10/20/2015, $78.73, 1748762, $80.12, $80.41, $78.63
10/19/2015, $80.2, 1566924, $80.04, $80.36, $79.55
10/16/2015, $80.13, 2679708, $79.22, $80.3, $79.17
10/15/2015, $79.14, 2928558, $78.79, $79.26, $78.171
10/14/2015, $78.61, 1781397, $79.95, $80.51, $78.52
10/13/2015, $80.08, 2887595, $79.91, $81.04, $79.615
10/12/2015, $80.08, 1779649, $78.59, $80.09, $78.59
10/09/2015, $78.67, 2615156, $77.79, $78.81, $77.5
10/08/2015, $77.7, 2467119, $77.53, $78.22, $76.94
10/07/2015, $77.55, 3048533, $78.42, $78.63, $77.27
10/06/2015, $78.11, 2085534, $79.49, $79.77, $77.38
10/05/2015, $79.55, 3372047, $79.44, $79.69, $78.34
10/02/2015, $78.62, 2742055, $76.12, $78.65, $75.52
10/01/2015, $77.12, 2212681, $77.03, $77.23, $75.82
09/30/2015, $76.82, 2106838, $77.63, $78.16, $76.11
09/29/2015, $76.72, 2796227, $76.95, $78.36, $76.25
09/28/2015, $77.12, 2622647, $79.36, $79.67, $76.28
09/25/2015, $79.51, 1893525, $82.15, $82.15, $79
09/24/2015, $81.43, 2125630, $81.53, $81.67, $80.27
09/23/2015, $82.04, 1754530, $81.93, $82.62, $81.5
09/22/2015, $81.5, 2443506, $82.18, $82.18, $80.44
09/21/2015, $83, 2066188, $84.25, $84.89, $82.81
09/18/2015, $83.63, 2708263, $83.95, $84.43, $83.34
09/17/2015, $84.77, 2086831, $85.51, $85.78, $84.51
09/16/2015, $85.36, 2220915, $85.12, $85.56, $84.63
09/15/2015, $85.08, 1895582, $84.48, $85.38, $84.17
09/14/2015, $84.31, 1953786, $85.09, $85.22, $84.01
09/11/2015, $85.01, 3073926, $82.79, $85.04, $82.52
09/10/2015, $83.01, 2612648, $81.17, $83.33, $80.83
09/09/2015, $81.24, 2377253, $83.07, $83.26, $81.02
09/08/2015, $82.25, 2014222, $81.87, $82.32, $81.06
09/04/2015, $80.55, 2087074, $79.98, $80.92, $79.72
09/03/2015, $81.15, 1614798, $82.05, $82.56, $80.85
09/02/2015, $81.65, 2093862, $81.23, $81.75, $80.55
09/01/2015, $80.23, 3119402, $80.46, $81.42, $79.68
08/31/2015, $82.27, 1902621, $83.21, $84.185, $82.08
08/28/2015, $83.39, 2596932, $83.55, $83.565, $82.885
08/27/2015, $83.69, 4646765, $84.15, $85.27, $82.29
08/26/2015, $83.55, 4654015, $81.23, $83.67, $79.79
08/25/2015, $79.42, 5448802, $80.8, $81.82, $79.34
08/24/2015, $78.98, 6632834, $76.65, $80.4, $74.76
08/21/2015, $80.6, 3033637, $81.73, $82.42, $80.56
08/20/2015, $82.26, 2544193, $84.48, $85.04, $82.19
08/19/2015, $85.27, 2472706, $84.02, $85.9, $83.76
08/18/2015, $84.8, 1563344, $84.2, $84.93, $84.0424
08/17/2015, $84.34, 1817371, $83.72, $84.45, $82.91
08/14/2015, $84.27, 1955575, $83.97, $84.47, $83.7775
08/13/2015, $84.2, 1572026, $85.1, $85.24, $84.17
08/12/2015, $85.05, 2212067, $85.01, $85.2, $83.99
08/11/2015, $85.89, 1939679, $85.26, $86.0701, $85.01
08/10/2015, $85.73, 1638722, $85.66, $86.41, $85.62
08/07/2015, $85.08, 2125692, $85, $85.13, $84.01
08/06/2015, $84.78, 2038459, $86.41, $86.59, $84.62
08/05/2015, $86.27, 1780558, $86.5, $86.55, $85.67
08/04/2015, $85.75, 2371951, $86.16, $86.64, $85.55
08/03/2015, $85.82, 2602865, $84.56, $86.13, $84.56
07/31/2015, $84.98, 4519622, $83.32, $85.2, $83.16
07/30/2015, $83.34, 7632424, $84.52, $86.47, $80.05
07/29/2015, $84.35, 3110641, $83.85, $84.43, $83.42
07/28/2015, $83.68, 2187388, $82.39, $83.78, $82.09
07/27/2015, $82.29, 2744159, $82.99, $83.16, $82.13
07/24/2015, $83.29, 2232801, $84.03, $84.13, $83.04
07/23/2015, $84.27, 3063626, $86.91, $87.09, $84.04
07/22/2015, $86.82, 1757459, $86.09, $86.89, $86.08
07/21/2015, $86.19, 1526161, $86.56, $86.93, $85.73
07/20/2015, $86.58, 1177235, $86.72, $87.04, $86.47
07/17/2015, $86.76, 1916783, $87.14, $87.37, $86.47
07/16/2015, $87.02, 1488338, $87.22, $87.24, $86.49
07/15/2015, $86.6, 2223938, $86.11, $86.98, $85.78
07/14/2015, $86.17, 3056750, $85.76, $86.57, $85.36
07/13/2015, $86.12, 1376225, $86.13, $86.35, $85.44
07/10/2015, $85.48, 1457263, $85.03, $85.69, $84.86
07/09/2015, $84.16, 2459723, $84.65, $84.9, $83.815
07/08/2015, $83.4, 2597120, $84.5, $85.19, $83.29
07/07/2015, $85, 2312826, $84.76, $85.35, $83.8
07/06/2015, $84.54, 2679328, $83.69, $84.88, $83.63
07/02/2015, $84.5, 1556760, $85.25, $85.46, $84.14
07/01/2015, $84.95, 3395066, $84.29, $85.125, $84.18
06/30/2015, $83.65, 4071790, $84.63, $84.87, $83.57
06/29/2015, $83.74, 3795579, $85.13, $85.61, $83.63
06/26/2015, $86.03, 9080896, $87.02, $87.02, $85.64
06/25/2015, $86.67, 3811642, $87.44, $87.44, $85.85
06/24/2015, $87.03, 3406278, $89.23, $89.37, $87.01
06/23/2015, $89.23, 2356039, $90.26, $90.31, $89.15
06/22/2015, $89.86, 2252430, $90.56, $90.74, $89.78
06/19/2015, $89.87, 2512659, $89.84, $90.57, $89.7
06/18/2015, $89.85, 2603418, $90.04, $90.658, $89.84
06/17/2015, $89.99, 2236755, $89.42, $90.29, $89.265
06/16/2015, $89.12, 2309228, $88.43, $89.45, $88.15
06/15/2015, $88.27, 2268136, $88.53, $88.92, $88.08
06/12/2015, $88.88, 1654741, $89.21, $89.37, $88.68
06/11/2015, $89.67, 2654114, $89.23, $90.11, $88.75
06/10/2015, $88.77, 1902854, $88.11, $88.98, $87.7
06/09/2015, $87.66, 2222311, $88.6, $88.99, $87.505
06/08/2015, $87.99, 2639678, $88.27, $88.75, $87.91
06/05/2015, $88.04, 2805883, $87.09, $88.17, $86.17
06/04/2015, $87.61, 1458101, $87.23, $88.09, $87.12
06/03/2015, $88.02, 1114894, $88.2, $88.4199, $87.73
06/02/2015, $88.03, 1274517, $88.02, $88.49, $87.68
06/01/2015, $88.42, 1549436, $88.33, $88.72, $87.62
05/29/2015, $88.17, 2113758, $88.16, $88.91, $87.81
05/28/2015, $88.11, 2032678, $88.68, $89.6299, $88.08
05/27/2015, $88.69, 1340323, $87.6, $88.77, $87.29
05/26/2015, $87.59, 1756652, $88.48, $88.81, $87.59
05/22/2015, $88.5, 1296204, $88.47, $88.84, $88.27
05/21/2015, $88.66, 1871786, $87.96, $88.785, $87.87
05/20/2015, $88.07, 2699785, $87.37, $88.53, $86.96
05/19/2015, $87.3, 3311119, $88.06, $88.98, $87.25
05/18/2015, $87.85, 2255014, $87.57, $88.43, $87.37
05/15/2015, $87.55, 2296028, $87.95, $88.34, $87.18
05/14/2015, $88, 1653232, $87.07, $88.06, $86.81
05/13/2015, $86.48, 1996250, $86.51, $87.19, $86.16
05/12/2015, $86.16, 1826561, $86.11, $86.44, $85.77
05/11/2015, $86.36, 1754129, $86.59, $86.89, $86.1
05/08/2015, $86.65, 1657560, $85.87, $86.95, $85.74
05/07/2015, $84.99, 2153339, $84.8, $85.63, $84.72
05/06/2015, $84.76, 2190379, $84.99, $85.2645, $84.23
05/05/2015, $84.57, 1991026, $85.7, $86, $84.34
05/04/2015, $85.63, 2065301, $85.77, $86.23, $85.19
05/01/2015, $85.55, 2945100, $84.53, $85.77, $84.09
04/30/2015, $84.34, 5378080, $88.9, $88.9, $83.85
04/29/2015, $88.9, 2618076, $89.86, $90.36, $88.24
04/28/2015, $90.48, 2225849, $89.28, $90.57, $88.52
04/27/2015, $89.53, 1943220, $91.72, $91.91, $89.44
04/24/2015, $91.38, 1317588, $91.41, $91.78, $90.9
04/23/2015, $91.5, 1488625, $91.09, $91.89, $90.68
04/22/2015, $91.5, 1787918, $90.46, $91.62, $90.31
04/21/2015, $90.35, 1000929, $90.4, $90.9, $90.17
04/20/2015, $90.14, 1425908, $89.93, $90.83, $89.61
04/17/2015, $89.55, 1460353, $89.16, $89.73, $88.59
04/16/2015, $89.66, 1151123, $90.15, $90.16, $89.43
04/15/2015, $90.15, 1502864, $90.56, $91.12, $90.09
04/14/2015, $90.3, 1368796, $90.29, $90.52, $89
04/13/2015, $89.62, 1822893, $90.48, $91.24, $89.38
04/10/2015, $90.52, 1909383, $89.76, $90.6, $89.51
04/09/2015, $89.89, 1490847, $89.9, $90.61, $89.48
04/08/2015, $90.19, 1623236, $90.09, $90.43, $89.54
04/07/2015, $89.94, 1180308, $89.9, $90.52, $89.885
04/06/2015, $89.93, 1400863, $88.97, $90.47, $88.742
04/02/2015, $89.6, 1257296, $89.25, $89.83, $88.43
04/01/2015, $88.85, 2131659, $90.21, $90.235, $88.16
03/31/2015, $90.27, 2290088, $90.57, $91.42, $90.16
03/30/2015, $90.8, 1416619, $89.96, $91.02, $89.81
03/27/2015, $90.09, 1672604, $89.2, $90.21, $89.07
03/26/2015, $89.14, 1611582, $88.75, $90.07, $88.11
03/25/2015, $89.01, 2177868, $89.73, $90.64, $88.86
03/24/2015, $89.45, 1703879, $90.42, $90.68, $89.38
03/23/2015, $90.32, 1904597, $91.42, $91.59, $90.29
03/20/2015, $91.25, 2487464, $90.32, $91.45, $90.2
03/19/2015, $89.92, 1625669, $90.4, $90.4, $89.27
03/18/2015, $90.38, 1896937, $89.33, $90.63, $88.6
03/17/2015, $89.55, 1343728, $89.46, $89.72, $88.94
03/16/2015, $89.98, 1368101, $88.73, $89.995, $88.64
03/13/2015, $88.12, 1172372, $88.22, $88.57, $87.33
03/12/2015, $88.48, 1197755, $87.74, $88.71, $87.74
03/11/2015, $87.27, 1172138, $87.18, $87.63, $86.5
03/10/2015, $86.94, 1785056, $87.03, $87.33, $85.94
03/09/2015, $87.98, 1244101, $87.26, $88.15, $87.03
03/06/2015, $87.01, 1501425, $88.72, $88.72, $86.75
03/05/2015, $88.95, 1504219, $89.21, $89.63, $88.6
03/04/2015, $89.03, 1620657, $88.09, $89.1, $87.48
03/03/2015, $88.43, 1942264, $89.93, $89.93, $87.62
03/02/2015, $89.52, 3820289, $88.71, $90.49, $88.64
02/27/2015, $87.99, 1502298, $88.06, $88.75, $87.89
02/26/2015, $88.17, 1145138, $88.16, $88.82, $87.73
02/25/2015, $88.3, 1678987, $88.91, $89.43, $88.22
02/24/2015, $89.25, 2442843, $88.11, $89.31, $87.78
02/23/2015, $88.1, 1894590, $87.15, $88.15, $86.9557
02/20/2015, $87.06, 1213276, $85.96, $87.06, $85.65
02/19/2015, $86.17, 834214, $86.26, $86.54, $85.87
02/18/2015, $86.22, 1420265, $86.33, $86.47, $85.66
02/17/2015, $86.41, 1309002, $86.1, $86.72, $85.75
02/13/2015, $86.08, 1253185, $86.04, $86.11, $85.34
02/12/2015, $86.04, 1533799, $86.64, $86.68, $85.24
02/11/2015, $86.09, 1930445, $85.31, $86.42, $85.05
02/10/2015, $85.12, 2124205, $84.9, $85.18, $84.48
02/09/2015, $84.22, 1514189, $85.36, $85.4, $83.88
02/06/2015, $85.47, 1936943, $84.61, $86.32, $84.47
02/05/2015, $84.43, 2228569, $84.23, $84.92, $83.89
02/04/2015, $83.87, 2653076, $83.1, $85, $83.1
02/03/2015, $83.42, 2167171, $83.38, $83.8, $82.76
02/02/2015, $82.82, 3086198, $81.37, $82.91, $81.32
01/30/2015, $83.19, 3039262, $84.59, $85.53, $83.06
01/29/2015, $84.82, 2927270, $83.73, $85.35, $82.76
01/28/2015, $85.39, 4157148, $85.79, $87.33, $85.035
01/27/2015, $84.7, 1633093, $83.94, $85.13, $83.57
01/26/2015, $84.75, 1515809, $83.42, $84.79, $83.15
01/23/2015, $83.47, 1178830, $83.95, $84.18, $83.38
01/22/2015, $83.92, 2321791, $82.43, $83.95, $81.45
01/21/2015, $81.94, 2004738, $81.81, $82.48, $81.38
01/20/2015, $81.74, 2007588, $82.54, $83.115, $80.82
01/16/2015, $82.26, 1317929, $80.58, $82.33, $80.56
01/15/2015, $80.85, 1224672, $82.08, $82.46, $80.78
01/14/2015, $81.95, 1358978, $81.75, $82.35, $81.47
01/13/2015, $82.5, 1723587, $83.67, $84.39, $81.93
01/12/2015, $82.81, 1353148, $84.04, $84.6, $82.73
01/09/2015, $83.84, 1770348, $84.44, $84.48, $83.63
01/08/2015, $84.56, 2741747, $82.75, $84.59, $82.72
01/07/2015, $82.03, 2024480, $80.05, $82.13, $79.52
01/06/2015, $79.19, 2106390, $80.33, $80.78, $78.41
01/05/2015, $80.05, 1346000, $80.19, $80.92, $79.78
01/02/2015, $80.51, 1019123, $81.18, $81.61, $79.87
12/31/2014, $80.73, 790566, $82.15, $82.42, $80.66
12/30/2014, $81.82, 1264767, $81.05, $81.91, $81.05
12/29/2014, $81.15, 2069405, $81.59, $81.92, $81.03
12/26/2014, $81.84, 1408038, $82.37, $82.512, $81.56
12/24/2014, $82.07, 481746, $82.11, $82.59, $81.85
12/23/2014, $81.92, 1346668, $83.18, $83.2, $81.54
12/22/2014, $83, 1219706, $82.92, $83.4, $82.72
12/19/2014, $83.04, 2586081, $82.81, $83.38, $82.21
12/18/2014, $82.41, 1640287, $81.22, $82.41, $80.85
12/17/2014, $80.65, 1711581, $79.36, $80.89, $79.03
12/16/2014, $79.1, 1978460, $79.64, $81.42, $79.09
12/15/2014, $79.57, 1708395, $80.53, $80.53, $79.195
12/12/2014, $79.3, 1119479, $80.15, $80.72, $79.28
12/11/2014, $80.47, 1427149, $80.84, $81.79, $80.3
12/10/2014, $80.48, 1735871, $81.39, $81.87, $80.36
12/09/2014, $81.29, 1527392, $81.57, $82.49, $81.01
12/08/2014, $82.49, 1523250, $82.25, $83.36, $82.1803
12/05/2014, $82.23, 819772, $82.15, $82.57, $81.985
12/04/2014, $82.23, 1184962, $82.01, $82.26, $81.37
12/03/2014, $81.95, 1161569, $82.17, $82.48, $81.79
12/02/2014, $82.13, 1577897, $82, $82.4025, $81.81
12/01/2014, $82, 1492239, $81.81, $82.2, $81.43
11/28/2014, $82.19, 642501, $81.76, $82.68, $81.705
11/26/2014, $81.5, 1231103, $81.21, $81.7, $80.8
11/25/2014, $80.98, 1531234, $80.94, $81.17, $80.26
11/24/2014, $80.97, 1842029, $80.02, $81.07, $79.68
