Symbol,Stock Name,Data Source,2009-11-27,2009-12-04,2009-12-11,2009-12-18,2010-01-08,2010-01-15,2010-01-22,2010-01-29,2010-02-05,2010-02-12,2010-02-19,2010-02-26,2010-03-05,2010-03-12,2010-03-19,2010-03-26,2010-04-09,2010-04-16,2010-04-23,2010-04-30,2010-05-07,2010-05-14,2010-05-21,2010-05-28,2010-06-04,2010-06-11,2010-06-18,2010-06-25,2010-07-02,2010-07-09,2010-07-16,2010-07-23,2010-07-30,2010-08-06,2010-08-13,2010-08-20,2010-08-27,2010-09-03,2010-09-10,2010-09-17,2010-09-24,2010-10-01,2010-10-08,2010-10-15,2010-10-22,2010-10-29,2010-11-05,2010-11-12,2010-11-19,2010-11-26,2010-12-03,2010-12-10,2010-12-17,2010-12-31,2011-01-07,2011-01-14,2011-01-21,2011-01-28,2011-02-04,2011-02-11,2011-02-18,2011-02-25,2011-03-04,2011-03-11,2011-03-18,2011-03-25,2011-04-01,2011-04-08,2011-04-15,2011-04-29,2011-05-06,2011-05-13,2011-05-20,2011-05-27,2011-06-03,2011-06-10,2011-06-17,2011-06-24,2011-07-01,2011-07-08,2011-07-15,2011-07-22,2011-07-29,2011-08-05,2011-08-12,2011-08-19,2011-08-26,2011-09-02,2011-09-09,2011-09-16,2011-09-23,2011-09-30,2011-10-07,2011-10-14,2011-10-21,2011-10-28,2011-11-04,2011-11-11,2011-11-18,2011-11-25,2011-12-02,2011-12-09,2011-12-16,2011-12-23,2011-12-30,2012-01-06,2012-01-13,2012-01-20,2012-01-27,2012-02-03,2012-02-10,2012-02-17,2012-02-24,2012-03-02,2012-03-09,2012-03-16,2012-03-23,2012-03-30,2012-04-13,2012-04-20,2012-04-27,2012-05-04,2012-05-11,2012-05-18,2012-05-25,2012-06-01,2012-06-08,2012-06-15,2012-06-22,2012-06-29,2012-07-06,2012-07-13,2012-07-20,2012-07-27,2012-08-03,2012-08-10,2012-08-17,2012-08-24,2012-08-31,2012-09-07,2012-09-14,2012-09-21,2012-09-28,2012-10-05,2012-10-12,2012-10-19,2012-10-26,2012-11-02,2012-11-09,2012-11-16,2012-11-23,2012-11-30,2012-12-07,2012-12-14,2012-12-21,2012-12-28,2013-01-04,2013-01-11,2013-01-18,2013-01-25,2013-02-01,2013-02-08,2013-02-15,2013-02-22,2013-03-01,2013-03-08,2013-03-15,2013-03-22,2013-04-05,2013-04-12,2013-04-19,2013-04-26,2013-05-03,2013-05-10,2013-05-17,2013-05-24,2013-05-31,2013-06-07,2013-06-14,2013-06-21,2013-06-28,2013-07-05,2013-07-12,2013-07-19,2013-07-26,2013-08-02,2013-08-09,2013-08-16,2013-08-23,2013-08-30,2013-09-06,2013-09-13,2013-09-20,2013-09-27,2013-10-04,2013-10-11,2013-10-18,2013-10-25,2013-11-01,2013-11-08,2013-11-15,2013-11-22,2013-11-29,2013-12-06,2013-12-13,2013-12-20,2013-12-27,2014-01-03,2014-01-10,2014-01-17,2014-01-24,2014-01-31,2014-02-07,2014-02-14,2014-02-21,2014-02-28,2014-03-07,2014-03-14,2014-03-21,2014-03-28,2014-04-04,2014-04-11,2014-04-25,2014-05-02,2014-05-09,2014-05-16,2014-05-23,2014-05-30,2014-06-06,2014-06-13,2014-06-20,2014-06-27,2014-07-11,2014-07-18,2014-07-25,2014-08-01,2014-08-08,2014-08-15,2014-08-22,2014-08-29,2014-09-05,2014-09-12,2014-09-19,2014-09-26,2014-10-03,2014-10-10,2014-10-17,2014-10-24,2014-10-31,2014-11-07,2014-11-14,2014-11-21,2014-11-28,2014-12-05,2014-12-12,2014-12-19,2014-12-26,2015-01-02,2015-01-09,2015-01-16,2015-01-23,2015-01-30,2015-02-06,2015-02-13,2015-02-20,2015-02-27,2015-03-06,2015-03-13,2015-03-20,2015-03-27,2015-04-10,2015-04-17,2015-04-24,2015-05-01,2015-05-08,2015-05-15,2015-05-22,2015-05-29,2015-06-05,2015-06-12,2015-06-19,2015-06-26,2015-07-10,2015-07-17,2015-07-24,2015-07-31,2015-08-07,2015-08-14,2015-08-21,2015-08-28,2015-09-04,2015-09-11,2015-09-18,2015-09-25,2015-10-02,2015-10-09,2015-10-16,2015-10-23,2015-10-30,2015-11-06,2015-11-13,2015-11-20,2015-11-27,2015-12-04,2015-12-11,2015-12-18,2016-01-08,2016-01-15,2016-01-22,2016-01-29,2016-02-05,2016-02-12,2016-02-19,2016-02-26,2016-03-04,2016-03-11,2016-03-18,2016-04-01,2016-04-08,2016-04-15,2016-04-22,2016-04-29,2016-05-06,2016-05-13,2016-05-20,2016-05-27,2016-06-03,2016-06-10,2016-06-17,2016-06-24,2016-07-01,2016-07-08,2016-07-15,2016-07-22,2016-07-29,2016-08-05,2016-08-12,2016-08-19,2016-08-26,2016-09-02,2016-09-09,2016-09-16,2016-09-23,2016-09-30,2016-10-07,2016-10-14,2016-10-21,2016-10-28,2016-11-04,2016-11-11,2016-11-18,2016-11-25,2016-12-02,2016-12-09,2016-12-16,2016-12-23,2016-12-30,2017-01-06,2017-01-13,2017-01-20,2017-01-27,2017-02-03,2017-02-10,2017-02-17,2017-02-24,2017-03-03,2017-03-10,2017-03-17,2017-03-24,2017-03-31,2017-04-07,2017-04-21,2017-04-28,2017-05-05,2017-05-12,2017-05-19,2017-05-26,2017-06-02,2017-06-09,2017-06-16,2017-06-23,2017-06-30,2017-07-07,2017-07-14,2017-07-21,2017-07-28,2017-08-04,2017-08-11,2017-08-18,2017-08-25,2017-09-01,2017-09-08,2017-09-15,2017-09-22,2017-09-29,2017-10-06,2017-10-13,2017-10-20,2017-10-27,2017-11-03,2017-11-10,2017-11-17,2017-11-24,2017-12-01,2017-12-08,2017-12-15,2017-12-22,2017-12-29,2018-01-05,2018-01-12,2018-01-19,2018-01-26,2018-02-02,2018-02-09,2018-02-16,2018-02-23,2018-03-02,2018-03-09,2018-03-16,2018-03-23,2018-04-06,2018-04-13,2018-04-20,2018-04-27,2018-05-04,2018-05-11,2018-05-18,2018-05-25,2018-06-01,2018-06-08,2018-06-15,2018-06-22,2018-06-29,2018-07-06,2018-07-13,2018-07-20,2018-07-27,2018-08-03,2018-08-10,2018-08-17,2018-08-24,2018-08-31,2018-09-07,2018-09-14,2018-09-21,2018-09-28,2018-10-05,2018-10-12,2018-10-19,2018-10-26,2018-11-02,2018-11-09,2018-11-16,2018-11-23,2018-11-30,2018-12-07,2018-12-14,2018-12-21,2018-12-28,2019-01-04,2019-01-11,2019-01-18,2019-01-25,2019-02-01,2019-02-08,2019-02-15,2019-02-22,2019-03-01,2019-03-08,2019-03-15,2019-03-22,2019-03-29,2019-04-05,2019-04-12,2019-04-26,2019-05-03,2019-05-10,2019-05-17,2019-05-24,2019-05-31,2019-06-07,2019-06-14,2019-06-21,2019-06-28,2019-07-05,2019-07-12,2019-07-19,2019-07-26,2019-08-02,2019-08-09,2019-08-16,2019-08-23,2019-08-30,2019-09-06,2019-09-13,2019-09-20,2019-09-27,2019-10-04,2019-10-11,2019-10-18,2019-10-25,2019-11-01,2019-11-08,2019-11-15,2019-11-22
ABC,AmerisourceBergen Corporation Common Stock (ABC),https://www.nasdaq.com/market-activity/stocks/abc/historical,99,98,99,104,104,107,106,109,108,109,112,112,113,111,114,114,118,119,124,123,119,125,123,125,123,127,130,127,123,127,128,122,120,121,116,115,111,112,114,120,125,123,126,129,128,131,126,125,124,123,128,128,132,136,139,141,144,144,146,146,151,149,150,148,149,157,161,160,158,162,166,168,166,164,161,164,164,160,168,170,168,162,153,147,153,150,154,155,153,157,151,149,143,152,159,168,157,158,149,144,148,145,147,149,148,154,151,160,156,157,154,146,150,146,151,153,156,158,150,151,147,144,146,144,147,145,148,149,151,157,155,158,157,154,157,154,150,152,154,152,149,156,155,158,158,161,157,162,162,161,165,169,169,173,174,171,174,175,183,180,186,187,186,188,192,194,195,199,208,216,223,213,218,219,220,218,216,212,219,217,223,222,233,235,234,234,238,226,230,227,233,241,246,245,250,250,258,261,265,272,278,280,282,281,274,279,281,280,285,282,269,269,266,272,273,271,276,270,259,259,260,256,251,257,262,273,286,293,290,287,289,291,292,292,307,309,302,305,306,309,312,308,309,310,311,307,303,313,342,347,355,355,364,369,364,367,366,362,372,370,379,380,388,401,408,411,409,425,454,453,461,450,462,458,461,457,455,450,446,441,446,431,438,453,435,423,417,416,407,403,396,417,424,399,380,371,380,372,386,390,386,396,396,400,408,408,392,371,364,358,339,342,347,350,352,358,350,346,341,351,368,340,306,294,299,296,306,306,303,302,321,328,342,343,341,357,356,355,343,350,341,336,333,323,317,319,320,276,282,316,317,314,315,315,309,314,313,339,338,335,330,357,365,363,369,369,353,350,346,354,350,325,328,343,355,357,364,374,368,370,383,378,376,372,366,376,323,320,314,312,321,330,326,324,331,322,318,333,305,299,300,315,325,340,347,373,370,367,381,396,400,422,384,357,398,394,376,396,386,336,342,347,359,372,345,347,339,342,333,344,379,374,341,352,352,339,332,324,328,351,353,360,354,343,360,369,362,354,371,339,354,355,355,351,356,337,316,288,296,297,306,319,319,335,337,347,343,332,306,321,315,318,309,299,296,316,310,311,323,311,334,340,338,341,352,359,342,344,362,350,349,334,329,345,334,340,324,327,328,358,347,347,344,349,361
ABT,Abbott Laboratories Common Stock (ABT),https://www.nasdaq.com/market-activity/stocks/abt/historical,101,101,101,100,103,104,102,99,101,101,102,102,102,102,100,99,99,98,96,96,91,91,88,89,87,88,91,88,87,90,88,92,92,95,94,92,93,95,97,97,97,98,99,100,98,96,95,91,89,88,89,89,91,90,91,88,90,85,86,85,88,89,91,91,90,90,92,95,97,97,98,100,100,97,96,95,97,97,99,100,99,99,96,94,93,92,94,96,94,98,95,96,96,99,101,102,100,102,100,97,101,102,103,105,105,105,104,104,103,103,103,106,106,108,109,111,113,115,112,112,116,117,116,115,117,113,116,117,117,121,121,123,122,124,125,124,124,123,123,125,128,131,129,134,130,124,123,122,122,118,121,122,123,123,124,121,124,125,123,123,127,129,132,130,126,130,128,126,136,139,140,137,138,136,137,142,138,141,138,133,131,131,132,135,138,138,135,131,131,125,126,131,132,124,126,127,140,140,139,143,143,143,143,141,137,142,144,145,148,148,137,138,139,146,146,149,148,146,144,144,145,139,143,145,146,147,149,150,150,149,153,152,155,160,162,158,156,158,158,159,161,160,164,158,157,156,153,159,164,163,164,164,167,170,164,173,172,169,170,167,165,168,171,173,178,178,175,176,178,176,177,174,181,175,179,183,184,182,182,183,187,188,187,187,192,190,188,189,177,173,162,163,163,153,155,157,158,164,168,171,165,173,170,170,166,164,153,152,150,142,140,139,145,148,147,151,153,158,159,163,165,146,142,141,141,147,147,144,140,142,148,157,158,162,168,170,169,166,161,158,154,157,158,159,161,153,152,148,147,151,149,147,142,147,143,144,144,153,154,152,154,161,160,168,171,170,172,170,168,167,164,163,164,168,165,162,168,175,178,181,184,182,182,184,191,186,185,182,183,185,192,195,194,197,200,207,205,212,208,208,206,209,211,210,205,208,214,214,222,221,223,238,232,215,226,224,223,239,237,223,216,220,222,224,221,230,232,234,234,238,236,233,229,233,237,238,245,245,241,243,248,251,249,257,259,276,269,260,254,252,264,274,271,256,278,263,266,253,267,256,260,268,267,272,276,283,286,295,288,300,293,300,297,293,295,296,287,285,289,286,303,309,319,316,321,315,329,330,323,326,319,308,321,323,317,314,308,308,299,311,307,311,315,322,315
CAH,"Cardinal Health, Inc. Common Stock (CAH)",https://www.nasdaq.com/market-activity/stocks/cah/historical,0,0,0,0,0,0,0,0,0,0,0,0,0,0,0,0,0,0,0,0,0,0,0,0,0,0,0,0,0,0,0,0,0,0,0,0,0,0,0,0,0,0,0,0,0,0,0,0,0,0,0,0,0,0,0,0,0,0,0,0,0,0,0,0,0,0,0,0,0,0,0,0,0,0,0,0,0,0,0,0,0,0,0,0,0,0,0,0,0,0,0,0,0,0,0,0,0,0,0,0,0,0,0,0,0,0,0,0,0,0,0,0,0,0,0,0,0,0,0,0,0,0,0,0,0,0,0,0,0,0,0,0,0,0,0,0,0,0,0,0,0,0,0,0,0,0,0,0,0,0,0,0,0,0,0,0,0,0,0,0,0,0,0,0,0,0,0,0,0,0,0,0,0,0,0,0,0,0,0,0,0,0,0,0,0,0,0,0,0,0,0,0,0,0,0,0,0,0,0,0,0,0,0,0,0,0,0,0,0,0,0,0,0,0,0,0,0,0,0,0,0,0,0,0,0,0,0,0,0,0,0,0,0,0,0,0,0,0,0,0,0,0,0,0,0,0,0,0,0,0,0,0,101,101,97,102,101,99,103,101,103,102,105,106,107,108,107,108,112,111,111,110,112,105,107,108,109,108,108,109,110,106,105,107,102,104,105,104,99,102,99,104,103,98,97,97,98,98,101,109,105,108,107,109,106,106,103,100,100,100,94,97,99,102,103,103,99,101,102,104,107,96,94,94,95,96,98,96,93,92,96,99,101,102,103,104,103,100,97,98,97,95,95,95,94,92,92,83,80,88,87,87,87,90,91,90,88,93,92,92,89,92,95,99,101,102,101,102,100,100,101,89,89,89,90,90,90,93,92,92,98,96,95,96,94,95,85,82,79,81,83,84,83,82,82,81,80,82,76,75,72,71,69,72,72,78,77,75,78,88,88,92,83,82,85,85,85,87,87,76,77,74,76,81,65,68,65,64,65,65,67,66,60,61,62,60,60,62,59,64,64,64,64,64,67,66,66,63,65,61,63,68,68,65,67,66,61,54,55,55,58,60,60,60,65,68,67,65,58,62,60,59,58,57,58,61,60,55,56,51,54,54,55,58,59,58,55,55,56,54,53,52,53,56,59,59,58,56,57,63,61,62,66,69,68
CI,Cigna Corporation Common Stock (CI),https://www.nasdaq.com/market-activity/stocks/ci/historical,101,99,110,110,117,114,113,104,103,101,101,106,107,106,114,111,113,106,105,99,97,103,101,103,105,106,109,103,92,96,93,96,95,106,103,100,100,104,107,106,111,111,109,111,111,108,115,115,115,112,117,116,113,113,122,123,126,127,132,132,133,130,135,134,128,131,137,133,137,144,145,150,152,153,153,151,151,149,161,160,159,162,154,139,135,128,138,138,132,143,130,129,129,138,138,144,133,135,130,126,133,131,131,133,130,135,141,142,139,134,134,139,139,136,139,144,141,152,149,148,145,140,139,132,137,131,138,140,139,136,131,135,129,128,130,135,137,137,141,142,147,145,146,151,153,153,153,164,159,156,163,161,163,164,166,163,169,172,174,181,182,191,189,181,180,184,193,191,199,206,201,203,207,213,210,208,210,211,211,219,224,228,235,240,240,239,242,239,245,243,250,258,243,240,245,246,232,228,242,249,258,268,270,267,257,263,267,267,276,276,268,267,239,240,239,246,244,236,253,245,253,238,244,255,267,270,276,277,279,281,284,284,289,298,296,280,280,286,288,292,298,285,294,284,280,280,275,287,308,306,315,316,318,324,314,323,321,318,334,334,340,330,345,354,366,376,373,380,397,399,412,405,404,388,397,408,420,436,431,425,480,520,486,474,451,446,451,446,441,426,431,432,438,425,429,422,435,410,414,411,407,409,418,434,433,445,429,421,426,413,411,403,414,437,430,447,431,424,403,423,439,428,405,397,406,398,401,396,400,395,397,401,407,452,399,397,412,411,395,396,397,408,405,403,393,374,384,376,376,413,429,429,413,417,423,429,412,439,452,448,454,462,450,444,455,470,470,470,451,453,470,480,484,496,501,493,499,509,516,523,525,518,525,538,539,538,534,539,548,555,567,571,576,565,578,591,576,592,625,625,612,612,621,645,650,632,629,628,651,660,681,700,633,599,600,603,597,536,522,507,519,531,526,538,529,537,551,544,528,550,541,538,526,532,535,551,548,585,567,583,574,583,583,604,626,644,667,641,650,639,659,673,661,653,691,638,635,561,590,584,602,603,607,600,561,612,599,551,505,515,514,497,514,497,498,473,490,479,462,458,487,490,498,487,506,554,537,517,509,526,499,474,476,476,497,499,462,466,471,516,530,555,582,606,624
CVS,CVS Health Corporation Common Stock (CVS),https://www.nasdaq.com/market-activity/stocks/cvs/historical,98,97,101,98,107,107,105,102,98,104,108,106,110,109,109,116,117,117,117,116,110,113,108,109,106,101,102,96,92,94,95,97,97,94,90,88,87,90,91,94,98,100,98,99,99,95,97,95,98,98,102,106,108,110,110,111,112,110,103,104,104,104,104,107,106,107,110,114,113,114,117,120,121,122,120,117,118,115,120,120,116,118,115,108,105,102,108,112,115,114,108,106,106,111,112,116,120,124,120,116,121,121,118,129,129,131,133,135,133,137,136,140,139,142,144,143,142,141,137,140,142,143,143,140,142,137,142,144,145,147,152,152,142,142,141,142,143,144,144,145,148,151,153,154,148,146,145,147,146,141,145,147,148,155,154,151,158,162,164,164,163,162,161,162,163,165,169,174,176,182,183,182,185,183,188,187,182,185,186,182,180,185,192,195,196,195,188,185,183,183,185,189,185,182,180,188,193,194,198,201,207,211,211,211,213,221,226,223,219,215,214,214,210,221,225,231,232,230,237,235,236,229,231,233,241,242,244,247,249,240,243,239,243,245,250,242,246,249,250,251,258,254,257,254,257,261,253,266,271,279,282,282,289,287,284,302,310,300,309,312,318,310,318,324,325,328,322,326,328,324,324,317,321,317,318,323,328,323,316,323,333,334,340,348,349,355,340,340,323,329,316,321,313,312,313,322,327,328,312,312,290,290,299,302,295,300,296,297,302,305,294,303,308,309,314,317,321,331,321,323,321,318,331,328,314,306,304,305,300,296,300,306,307,305,293,308,308,306,295,296,289,285,286,281,273,281,276,263,260,237,234,234,245,253,251,250,249,260,259,258,246,238,248,252,257,256,254,249,248,248,243,250,260,256,253,241,242,250,252,243,244,254,248,246,243,252,246,251,245,238,246,252,263,251,257,243,229,242,218,219,224,223,223,237,231,231,232,229,248,249,252,259,241,219,227,215,213,219,207,192,200,200,206,221,199,203,205,208,202,208,221,228,203,210,217,206,210,205,218,233,234,238,244,243,251,249,248,236,234,221,231,252,251,237,253,234,227,201,206,211,208,207,207,206,205,220,196,183,167,175,177,170,171,167,169,179,174,167,167,165,170,171,169,172,175,182,177,175,176,187,190,190,192,196,202,203,196,196,199,209,206,212,229,235,238
DDM,Dow Jones Industrial Average Index (DDM),https://www.nasdaq.com/market-activity/stocks/ddm/historical,97,99,101,98,103,103,94,92,92,94,99,98,103,104,106,108,111,112,115,111,99,104,95,94,90,96,100,95,85,95,93,99,100,104,97,96,94,100,100,103,108,107,111,112,113,113,120,115,115,112,119,120,122,124,126,128,130,129,135,139,142,136,137,134,130,138,142,142,141,153,148,147,146,144,137,133,134,133,147,149,145,150,137,121,117,108,117,116,111,122,106,109,113,124,127,137,131,135,127,115,132,135,128,138,136,140,141,148,147,151,150,154,155,155,154,161,157,160,152,156,161,156,151,141,143,135,145,150,148,153,150,151,152,158,158,161,163,161,159,164,171,171,167,172,165,165,159,159,153,147,158,158,162,161,163,156,168,170,174,180,183,183,183,184,186,195,198,198,199,208,199,204,210,215,222,221,216,220,215,207,209,216,225,228,229,231,225,216,214,208,211,225,228,221,215,220,225,230,231,236,242,246,247,245,237,252,259,258,258,258,240,235,238,249,248,255,259,247,254,254,258,245,256,260,263,261,265,268,275,270,276,272,276,280,276,261,263,267,279,282,283,279,288,282,278,264,258,272,290,297,300,306,307,312,289,306,314,307,303,295,301,284,306,314,318,318,308,305,318,302,315,306,315,313,320,323,322,315,309,311,315,312,305,317,299,303,293,297,263,268,251,261,260,256,261,281,285,300,300,309,287,307,307,308,289,284,257,246,249,260,252,246,259,267,279,286,299,305,297,308,312,304,303,297,296,309,307,309,303,292,311,317,330,333,328,332,334,334,328,332,318,319,323,324,322,318,319,319,310,344,346,356,358,380,384,386,380,388,384,382,392,390,400,415,423,430,427,428,414,416,416,411,427,429,426,423,434,440,443,448,448,445,448,457,455,466,477,468,461,467,475,467,487,490,491,508,513,533,538,542,538,536,545,578,583,598,603,602,627,653,667,694,636,571,621,626,588,627,607,539,557,575,579,572,569,597,592,594,589,621,610,585,570,578,605,607,626,625,620,637,643,652,651,662,691,675,673,617,621,584,610,647,620,564,624,570,555,480,504,519,544,576,577,592,595,633,640,640,612,632,614,633,657,656,662,659,634,624,616,580,635,641,672,663,680,699,691,692,656,647,628,614,652,672,693,679,673,659,671,669,678,697,716,733,727
JNJ,Johnson & Johnson Common Stock (JNJ),https://www.nasdaq.com/market-activity/stocks/jnj/historical,100,102,103,102,102,102,100,100,99,100,101,100,102,102,103,102,103,103,103,102,100,102,97,92,92,93,94,93,94,96,94,91,92,95,92,93,91,94,95,98,99,98,100,101,101,101,103,101,101,99,99,98,99,98,99,99,99,95,97,96,97,95,97,95,93,94,94,94,96,104,104,106,104,106,105,105,105,103,107,107,107,106,103,100,101,100,102,102,101,103,98,101,100,103,101,104,102,104,101,97,101,102,102,105,104,103,104,104,104,104,103,103,102,103,103,103,102,105,101,101,103,103,102,101,99,98,100,105,106,107,107,109,109,110,110,109,108,107,107,108,109,110,109,111,108,114,113,113,111,110,110,111,112,112,112,110,114,115,116,117,118,120,121,121,122,124,126,127,130,131,134,135,136,136,140,138,134,135,135,132,136,140,143,147,148,150,147,142,141,137,139,141,143,138,139,142,146,146,148,150,150,151,150,150,145,146,147,146,151,151,144,141,143,147,145,146,148,148,153,155,156,154,159,158,160,160,161,161,164,163,167,167,167,162,162,159,161,161,164,165,166,166,172,170,167,161,157,164,171,172,172,172,172,173,166,168,167,166,167,165,163,159,161,158,159,163,159,158,163,160,162,158,161,159,161,163,161,159,157,156,159,158,158,159,158,159,157,157,152,151,145,148,148,145,149,152,156,160,161,162,159,163,163,164,162,162,156,154,154,166,160,162,166,168,169,171,171,174,174,175,180,178,179,181,179,180,183,186,184,184,193,195,196,199,199,198,196,191,189,190,188,188,189,188,190,187,180,183,183,188,184,182,178,179,184,184,183,185,182,182,180,181,183,189,195,197,201,204,200,198,199,194,196,197,197,202,202,207,209,214,217,211,211,211,215,210,212,212,211,210,209,208,214,209,207,212,217,227,226,223,222,220,220,223,224,227,223,222,226,232,235,231,219,206,212,210,205,213,213,199,204,208,202,204,198,202,198,193,193,197,195,195,193,200,200,200,209,210,208,214,216,214,219,222,227,220,221,213,221,218,224,231,232,226,234,231,212,204,203,203,206,208,204,214,211,217,217,220,220,219,218,222,217,216,223,226,221,221,221,209,221,223,226,222,224,214,207,208,209,210,209,203,204,204,208,210,205,213,209,203,204,209,212,215,220
MCK,McKesson Corporation Common Stock (MCK),https://www.nasdaq.com/market-activity/stocks/mck/historical,99,96,98,100,96,98,96,93,92,93,96,93,98,96,101,100,105,101,107,102,101,107,108,111,108,110,111,108,106,106,107,104,99,99,96,97,95,95,94,98,98,96,96,98,96,104,105,103,104,102,106,108,109,111,117,117,116,117,123,124,127,125,127,123,123,126,126,124,127,131,131,133,134,134,133,132,130,129,133,134,130,130,128,119,125,117,121,122,117,121,116,115,111,116,120,133,127,131,126,121,127,126,123,124,123,124,122,121,125,128,129,131,130,130,137,138,137,139,143,144,144,142,143,138,139,137,140,144,145,148,148,150,151,145,138,141,137,138,138,140,138,137,136,141,141,143,146,148,147,146,149,149,151,155,155,152,158,160,164,169,163,164,164,164,170,173,175,171,169,171,168,165,171,182,185,186,180,180,181,176,181,183,188,188,198,195,197,193,195,192,196,204,208,205,209,219,224,245,252,251,254,259,263,258,249,256,255,254,278,266,275,276,277,278,279,280,289,286,286,278,271,261,266,264,271,282,291,300,299,289,294,299,299,303,304,310,301,303,304,309,314,305,310,309,316,307,303,318,322,316,325,325,334,337,325,334,333,328,343,339,345,337,353,356,363,362,356,356,364,358,355,361,363,356,363,380,381,376,373,373,374,361,364,371,359,349,342,341,321,318,305,313,323,304,295,301,309,296,283,291,285,300,302,302,301,306,289,261,269,255,244,239,244,248,258,264,251,249,257,274,282,266,267,263,289,287,295,294,282,280,298,305,312,311,308,308,309,307,290,290,279,263,265,264,263,255,255,196,207,226,222,226,227,232,225,223,222,233,233,238,216,220,221,238,239,241,234,234,231,235,228,215,219,224,229,242,255,262,259,253,264,261,261,265,263,257,245,237,231,234,237,248,237,244,243,240,233,239,215,218,218,225,229,232,242,257,251,247,249,263,270,280,252,236,238,242,237,247,241,220,221,226,232,250,232,236,236,231,225,230,237,236,211,218,216,210,196,200,195,205,205,204,205,203,214,210,212,207,210,187,198,207,196,192,197,198,185,171,174,181,193,200,201,202,203,215,208,197,177,189,188,185,185,184,186,195,207,198,206,193,206,211,211,213,222,229,220,220,235,222,230,229,219,227,227,232,215,207,213,241,231,217,222,235,242
MDT,Medtronic plc. Ordinary Shares (MDT),https://www.nasdaq.com/market-activity/stocks/mdt/historical,106,106,107,107,114,113,107,106,103,105,108,107,112,109,111,110,112,111,109,108,102,105,100,97,94,94,96,91,89,92,92,90,91,93,88,86,80,81,82,82,83,83,82,82,88,87,87,85,85,83,84,89,92,92,90,92,95,94,97,98,102,98,97,94,93,95,97,98,101,103,105,104,104,100,97,94,94,95,97,94,92,91,89,82,78,77,84,84,82,86,82,82,81,82,85,88,85,87,84,83,85,89,87,93,94,96,95,99,97,99,98,99,94,94,93,98,96,97,93,93,93,94,94,91,91,89,92,93,94,96,94,93,94,96,98,99,101,100,100,103,106,107,106,110,106,104,103,104,102,101,107,104,105,103,104,101,105,109,113,115,116,116,116,110,112,113,112,114,114,117,114,115,118,121,123,127,126,129,131,130,127,130,132,136,137,136,137,133,130,128,132,132,133,131,132,136,140,142,142,143,145,142,142,144,138,141,142,144,148,147,141,140,137,141,141,147,148,146,145,149,152,146,144,145,149,149,148,151,154,150,158,159,158,154,156,152,154,156,157,158,159,161,164,157,161,159,153,165,169,168,171,179,183,186,179,185,182,178,184,180,190,177,184,186,195,192,189,189,193,191,193,189,192,187,189,189,193,189,187,187,190,186,184,190,188,194,192,192,184,182,171,173,174,165,176,180,183,182,183,188,184,188,189,193,190,189,183,183,188,188,184,182,187,191,187,191,189,186,189,191,195,196,197,200,199,202,205,212,208,206,215,219,219,216,217,216,217,215,214,216,210,213,217,214,213,205,208,203,203,203,200,187,178,181,182,178,176,180,186,186,185,189,188,195,201,203,206,203,200,199,199,199,206,208,206,206,211,212,214,218,221,220,218,219,211,209,207,207,206,196,198,203,203,197,192,197,193,194,201,194,196,197,206,201,201,207,202,200,212,211,215,216,209,197,206,199,194,206,201,189,192,197,198,201,201,212,209,214,217,216,215,215,212,214,219,218,219,224,224,224,237,239,238,240,242,244,241,234,233,222,226,234,232,228,241,233,232,219,221,218,210,216,215,219,220,228,232,228,224,232,224,225,220,215,216,222,219,217,230,229,240,241,246,241,243,246,250,254,253,252,254,263,267,269,272,275,266,269,266,268,261,269,265,277,274
SKY,Skyline Champion Corporation Common Stock (SKY),https://www.nasdaq.com/market-activity/stocks/sky/historical,100,104,103,101,111,113,109,104,103,105,107,107,111,111,114,114,116,115,118,115,109,114,106,107,104,102,104,101,100,105,103,96,94,96,94,92,88,93,94,96,100,100,100,99,102,99,105,104,104,103,105,107,110,108,109,116,116,115,118,121,127,127,128,127,124,123,122,120,122,119,120,127,128,125,121,117,116,115,121,121,117,114,109,101,98,88,93,95,94,99,93,95,96,101,99,100,98,99,96,91,96,96,93,100,100,103,104,107,110,112,108,108,110,107,106,110,109,112,108,108,110,108,107,101,104,100,103,109,110,111,108,107,103,105,106,107,109,108,107,109,113,113,112,110,105,106,105,106,106,105,110,109,110,112,112,109,114,118,124,128,127,128,128,126,131,132,133,130,131,134,130,131,133,137,139,135,134,135,135,132,130,131,136,143,143,143,143,137,137,135,139,141,143,136,136,141,148,150,149,148,149,150,150,150,144,150,151,151,157,157,153,156,160,168,165,162,164,162,163,162,166,160,154,157,162,161,162,170,172,168,173,169,169,165,162,161,161,162,165,168,169,168,167,164,166,165,162,170,176,176,177,181,187,191,185,191,193,189,191,186,187,183,187,190,192,191,181,184,189,186,189,186,195,188,190,192,194,194,192,193,195,196,194,198,203,206,203,209,200,201,192,201,200,195,194,197,201,190,193,197,193,194,198,190,186,184,177,183,189,200,195,196,197,204,208,212,211,219,219,221,220,220,224,223,222,225,229,231,230,235,243,246,246,236,234,232,233,229,231,233,223,230,237,235,234,229,229,230,236,222,225,227,226,235,239,243,241,237,248,245,248,249,249,255,261,262,262,267,267,265,264,268,275,274,272,276,285,291,286,287,284,280,284,293,295,298,295,291,291,282,284,287,290,284,286,300,296,303,322,315,311,313,312,314,306,311,311,312,325,319,325,341,327,305,322,326,324,336,338,318,313,319,331,344,339,342,348,350,354,361,340,347,340,349,351,351,341,333,334,343,343,342,342,344,352,358,351,345,341,323,333,345,347,332,354,340,336,304,312,317,322,338,334,358,368,377,380,386,378,391,392,398,394,389,380,385,378,371,373,370,392,394,409,415,421,416,420,433,427,441,438,432,445,447,440,446,431,435,431,434,427,429,403,416,407
SPY,S&P 500 Index (SPY),https://www.nasdaq.com/market-activity/stocks/spy/historical,98,100,100,99,103,102,98,96,96,97,100,99,102,104,104,105,107,107,109,107,100,102,98,98,96,98,100,97,92,97,96,99,99,101,97,96,96,99,100,101,103,103,104,106,106,106,110,108,108,107,110,112,111,113,114,116,115,115,118,119,121,119,119,117,115,118,119,119,118,122,120,120,120,120,117,114,114,114,120,121,118,121,116,108,106,101,106,106,104,109,102,101,104,110,111,115,113,114,109,104,112,113,109,113,113,115,116,118,118,121,121,122,123,123,123,126,125,126,123,124,126,123,122,116,119,115,119,120,120,122,122,122,122,124,125,126,128,127,127,130,132,131,129,131,128,129,127,127,124,122,127,128,128,128,128,126,131,132,133,135,136,136,137,136,137,140,140,140,139,143,140,142,145,147,150,148,147,148,147,143,144,146,150,152,152,154,152,149,150,147,149,152,153,152,152,153,157,158,158,159,162,162,163,163,160,163,165,164,165,165,161,160,161,165,165,167,169,166,167,167,167,163,167,169,169,169,171,173,176,174,176,176,177,178,178,173,174,176,179,180,181,179,180,178,177,171,169,176,181,183,184,186,186,187,180,186,187,185,184,181,184,179,185,189,190,189,186,185,189,185,189,187,190,189,190,191,191,190,188,189,189,189,186,191,187,189,187,188,178,179,173,177,176,173,175,181,183,186,187,189,182,188,188,188,181,180,172,169,171,174,169,168,172,175,180,182,184,186,184,187,188,185,185,184,185,189,189,189,186,183,189,191,194,195,195,196,196,196,195,196,192,192,194,194,193,192,192,191,187,194,196,199,197,204,202,203,201,204,204,204,206,206,208,211,213,214,214,213,210,212,211,211,214,215,215,214,217,219,219,218,219,217,218,221,222,222,222,219,218,220,223,222,224,224,226,229,229,231,232,232,232,232,234,238,239,240,241,240,246,250,252,258,248,235,246,247,242,251,247,232,234,238,240,240,239,245,244,245,246,250,249,247,244,248,251,251,253,255,255,256,259,261,259,262,263,261,259,248,248,239,244,250,246,237,248,237,234,216,223,227,233,240,239,243,243,249,251,252,247,253,251,254,259,261,264,264,259,257,254,248,259,260,264,263,268,270,267,272,263,262,260,256,263,268,271,268,266,265,266,268,271,275,278,280,280
TMO,Thermo Fisher Scientific Inc Common Stock (TMO),https://www.nasdaq.com/market-activity/stocks/tmo/historical,101,103,102,103,104,101,100,98,100,100,105,104,105,107,106,106,111,113,114,118,109,112,108,111,105,110,114,108,101,105,104,109,95,97,94,94,92,96,97,101,102,102,101,104,106,109,111,111,109,109,112,113,119,118,120,120,118,121,119,123,123,118,121,118,112,116,119,119,119,128,128,132,139,139,134,134,132,133,138,138,135,138,128,114,114,107,114,111,107,116,108,108,107,113,113,109,104,104,98,94,99,97,93,97,96,101,105,109,112,120,118,120,121,122,120,123,121,120,115,115,117,115,113,107,110,104,108,109,109,110,109,111,111,119,120,121,120,120,122,125,129,127,125,130,125,123,130,131,129,129,133,135,137,137,136,134,139,144,148,152,159,159,158,155,159,164,164,162,164,169,170,173,175,180,184,186,188,180,181,177,180,182,188,191,193,196,197,193,194,189,193,194,199,198,197,198,205,208,209,209,216,216,215,219,216,231,236,235,244,247,234,245,251,264,263,265,270,261,262,253,256,247,244,243,249,251,247,249,255,254,254,252,252,258,267,259,258,259,258,256,266,263,263,259,259,248,239,251,251,249,253,270,276,274,266,274,272,273,277,267,266,267,266,272,280,277,274,272,291,285,285,282,277,272,277,278,282,276,276,277,277,282,279,289,294,298,290,288,273,270,258,262,268,261,265,270,269,270,279,286,282,294,298,292,286,287,286,283,289,282,263,270,278,279,299,299,299,304,303,310,313,308,313,315,317,324,326,324,312,310,318,326,335,335,339,336,332,328,325,322,306,320,336,339,337,324,321,314,313,323,311,307,303,310,304,302,301,314,312,306,310,323,330,338,339,342,340,337,329,328,327,331,353,365,366,366,370,376,373,373,372,372,379,386,389,375,376,369,368,378,397,409,407,402,404,412,410,414,410,413,397,406,413,410,401,410,406,405,432,448,456,469,464,427,449,452,440,465,449,437,439,457,461,454,448,462,459,456,452,463,460,445,442,442,451,463,493,498,494,491,501,510,503,516,520,521,514,494,485,491,500,519,514,501,532,503,500,460,475,473,512,514,514,519,520,539,538,563,533,561,563,584,590,599,583,595,574,559,580,570,601,609,628,627,642,621,619,613,586,590,589,575,613,630,635,632,613,624,605,601,633,648,629,655,657
UNH,UnitedHealth Group Incorporated Common Stock (DE) (UNH),https://www.nasdaq.com/market-activity/stocks/unh/historical,101,94,104,108,112,116,114,113,111,110,109,116,116,113,118,112,110,105,106,104,99,104,98,99,104,105,107,102,97,103,104,106,104,115,110,108,111,116,118,117,122,121,118,123,128,123,126,126,123,123,130,126,120,124,132,140,138,140,146,145,147,146,152,149,146,150,156,152,154,169,172,171,171,166,167,169,171,173,182,179,178,181,170,156,154,148,157,157,156,174,163,158,154,162,164,167,156,162,153,150,165,168,168,176,174,181,181,179,175,176,183,188,191,192,191,191,184,202,199,204,199,188,189,185,192,189,199,202,203,201,191,189,190,183,177,178,182,186,186,188,186,193,190,196,196,191,191,192,181,178,185,187,185,185,189,185,179,181,187,192,191,198,197,187,184,185,188,187,213,216,206,204,202,216,216,213,215,215,219,219,225,227,233,245,248,248,250,245,249,246,254,256,242,247,250,255,236,232,236,242,247,253,256,252,242,252,256,258,256,249,246,248,245,252,253,265,266,260,279,280,280,271,260,258,264,263,270,273,274,272,279,281,284,294,291,280,275,280,288,298,301,296,301,297,295,293,303,315,326,321,327,332,339,345,339,352,352,346,356,363,385,365,370,376,387,390,388,396,409,405,409,408,408,389,397,410,411,413,400,404,413,423,420,425,405,417,418,416,399,403,386,408,421,400,408,410,412,398,405,394,383,388,393,404,398,398,378,375,393,396,384,384,404,417,418,430,435,446,432,437,461,452,454,443,450,460,470,478,473,472,484,485,486,494,492,491,491,488,469,469,459,476,483,481,469,460,499,482,473,503,513,525,552,550,563,560,550,558,556,545,560,556,552,542,560,578,584,583,567,563,570,588,601,598,590,593,610,616,624,624,637,637,646,642,659,657,670,663,656,668,686,680,681,663,673,681,662,713,731,732,725,721,730,779,769,762,756,758,786,786,836,854,797,759,788,791,774,775,783,730,770,771,808,825,811,819,841,842,836,862,880,874,843,862,889,868,880,884,895,902,908,923,922,912,917,914,925,892,912,887,897,950,932,899,967,925,911,819,846,824,851,912,921,924,900,932,918,846,815,864,849,850,855,767,814,797,827,830,851,831,848,843,867,839,849,914,882,869,859,854,844,793,804,787,803,800,740,755,763,843,842,867,883,926,951
WBA,"Walgreens Boots Alliance, Inc. Common Stock (WBA)",https://www.nasdaq.com/market-activity/stocks/wba/historical,98,96,98,92,93,92,91,91,84,84,88,89,88,86,87,93,94,90,90,89,88,89,83,81,78,74,76,68,66,72,74,76,72,71,71,72,69,71,73,74,77,85,86,87,86,85,89,88,88,85,93,92,95,98,101,105,105,102,107,108,108,106,107,106,103,100,103,104,106,108,107,114,112,110,109,109,113,104,108,111,106,101,99,93,89,87,87,88,89,93,88,83,84,83,86,85,84,83,82,82,84,86,86,89,83,83,82,84,86,85,87,88,85,82,84,86,85,84,83,91,90,85,84,79,79,75,79,80,75,75,75,77,87,90,90,91,90,90,90,88,91,89,92,91,91,90,89,88,82,81,83,86,91,93,92,92,94,99,99,100,102,105,104,106,104,103,108,117,119,123,125,124,121,123,125,128,121,125,127,123,112,112,123,128,128,129,125,123,123,121,125,135,140,138,141,141,148,150,153,151,152,153,150,143,144,149,145,144,153,150,145,145,154,164,168,172,170,170,164,165,167,163,169,174,174,171,177,182,190,185,189,187,181,182,185,178,153,156,154,153,162,159,159,152,154,159,152,158,162,169,169,171,174,174,188,185,193,192,191,192,191,187,193,199,195,210,208,212,223,216,233,220,218,211,215,219,219,217,212,215,224,220,236,242,241,245,236,233,217,221,221,229,219,216,220,216,223,228,214,214,200,207,213,214,207,209,205,202,205,202,190,195,196,201,201,206,212,219,206,206,203,201,201,199,195,195,199,209,209,207,210,207,209,206,201,204,211,209,201,208,210,206,208,204,202,198,206,205,203,205,211,214,215,219,218,213,209,210,212,207,206,204,211,217,222,217,217,217,210,210,208,213,219,217,216,204,206,210,205,198,193,198,196,200,200,201,205,204,203,205,206,206,209,198,195,185,171,172,163,169,180,180,178,181,181,182,184,184,184,192,193,200,186,173,179,178,179,179,171,165,161,161,162,170,161,162,163,161,159,160,166,171,152,160,165,164,174,170,168,177,175,173,172,178,185,184,183,186,196,193,201,209,209,204,214,205,199,170,172,176,181,183,182,182,177,186,178,168,151,158,158,160,138,135,134,137,135,132,131,125,131,133,133,138,140,141,138,139,136,133,128,125,129,133,142,139,138,134,136,140,140,145,150,157,153
